DATA_MC|KOD_WOJ|NAME|PLEC|WIEK|ILOSC
2019-09|02|WOJ. DOLNOŒL¥SKIE|K|53|6
2019-09|02|WOJ. DOLNOŒL¥SKIE|K|67|1
2019-09|02|WOJ. DOLNOŒL¥SKIE|K|54|2
2019-09|02|WOJ. DOLNOŒL¥SKIE|K|17|3
2019-09|02|WOJ. DOLNOŒL¥SKIE|K|60|1
2019-09|02|WOJ. DOLNOŒL¥SKIE|K|66|1
2019-09|02|WOJ. DOLNOŒL¥SKIE|K|42|4
2019-09|02|WOJ. DOLNOŒL¥SKIE|K|21|23
2019-09|02|WOJ. DOLNOŒL¥SKIE|K|25|24
2019-09|02|WOJ. DOLNOŒL¥SKIE|K|32|11
2019-09|02|WOJ. DOLNOŒL¥SKIE|K|27|22
2019-09|02|WOJ. DOLNOŒL¥SKIE|K|38|16
2019-09|02|WOJ. DOLNOŒL¥SKIE|K|22|38
2019-09|02|WOJ. DOLNOŒL¥SKIE|K|30|17
2019-09|02|WOJ. DOLNOŒL¥SKIE|K|34|20
2019-09|02|WOJ. DOLNOŒL¥SKIE|K|29|17
2019-09|02|WOJ. DOLNOŒL¥SKIE|K|52|4
2019-09|02|WOJ. DOLNOŒL¥SKIE|K|69|1
2019-09|02|WOJ. DOLNOŒL¥SKIE|K|48|3
2019-09|02|WOJ. DOLNOŒL¥SKIE|K|14|2
2019-09|02|WOJ. DOLNOŒL¥SKIE|K|56|1
2019-09|02|WOJ. DOLNOŒL¥SKIE|K|47|2
2019-09|02|WOJ. DOLNOŒL¥SKIE|K|19|162
2019-09|02|WOJ. DOLNOŒL¥SKIE|K|51|8
2019-09|02|WOJ. DOLNOŒL¥SKIE|K|24|26
2019-09|02|WOJ. DOLNOŒL¥SKIE|K|37|12
2019-09|02|WOJ. DOLNOŒL¥SKIE|K|26|23
2019-09|02|WOJ. DOLNOŒL¥SKIE|K|39|11
2019-09|02|WOJ. DOLNOŒL¥SKIE|K|55|2
2019-09|02|WOJ. DOLNOŒL¥SKIE|K|59|2
2019-09|02|WOJ. DOLNOŒL¥SKIE|K|15|1
2019-09|02|WOJ. DOLNOŒL¥SKIE|K|62|1
2019-09|02|WOJ. DOLNOŒL¥SKIE|K|31|17
2019-09|02|WOJ. DOLNOŒL¥SKIE|K|41|15
2019-09|02|WOJ. DOLNOŒL¥SKIE|K|20|53
2019-09|02|WOJ. DOLNOŒL¥SKIE|K|33|17
2019-09|02|WOJ. DOLNOŒL¥SKIE|K|28|24
2019-09|02|WOJ. DOLNOŒL¥SKIE|K|36|9
2019-09|02|WOJ. DOLNOŒL¥SKIE|K|18|468
2019-09|02|WOJ. DOLNOŒL¥SKIE|K|23|28
2019-09|02|WOJ. DOLNOŒL¥SKIE|K|44|6
2019-09|02|WOJ. DOLNOŒL¥SKIE|K|49|5
2019-09|02|WOJ. DOLNOŒL¥SKIE|K|35|9
2019-09|02|WOJ. DOLNOŒL¥SKIE|K|43|8
2019-09|02|WOJ. DOLNOŒL¥SKIE|K|46|3
2019-09|02|WOJ. DOLNOŒL¥SKIE|K|40|7
2019-09|02|WOJ. DOLNOŒL¥SKIE|K|16|2
2019-09|02|WOJ. DOLNOŒL¥SKIE|K|58|1
2019-09|02|WOJ. DOLNOŒL¥SKIE|K|50|1
2019-09|02|WOJ. DOLNOŒL¥SKIE|K|45|2
2019-09|02|WOJ. DOLNOŒL¥SKIE|M|19|144
2019-09|02|WOJ. DOLNOŒL¥SKIE|M|24|18
2019-09|02|WOJ. DOLNOŒL¥SKIE|M|15|13
2019-09|02|WOJ. DOLNOŒL¥SKIE|M|50|2
2019-09|02|WOJ. DOLNOŒL¥SKIE|M|57|1
2019-09|02|WOJ. DOLNOŒL¥SKIE|M|18|486
2019-09|02|WOJ. DOLNOŒL¥SKIE|M|25|20
2019-09|02|WOJ. DOLNOŒL¥SKIE|M|17|14
2019-09|02|WOJ. DOLNOŒL¥SKIE|M|30|13
2019-09|02|WOJ. DOLNOŒL¥SKIE|M|31|8
2019-09|02|WOJ. DOLNOŒL¥SKIE|M|46|2
2019-09|02|WOJ. DOLNOŒL¥SKIE|M|48|4
2019-09|02|WOJ. DOLNOŒL¥SKIE|M|23|15
2019-09|02|WOJ. DOLNOŒL¥SKIE|M|39|6
2019-09|02|WOJ. DOLNOŒL¥SKIE|M|29|17
2019-09|02|WOJ. DOLNOŒL¥SKIE|M|41|8
2019-09|02|WOJ. DOLNOŒL¥SKIE|M|45|4
2019-09|02|WOJ. DOLNOŒL¥SKIE|M|42|4
2019-09|02|WOJ. DOLNOŒL¥SKIE|M|43|3
2019-09|02|WOJ. DOLNOŒL¥SKIE|M|59|2
2019-09|02|WOJ. DOLNOŒL¥SKIE|M|49|3
2019-09|02|WOJ. DOLNOŒL¥SKIE|M|54|1
2019-09|02|WOJ. DOLNOŒL¥SKIE|M|20|59
2019-09|02|WOJ. DOLNOŒL¥SKIE|M|16|28
2019-09|02|WOJ. DOLNOŒL¥SKIE|M|21|22
2019-09|02|WOJ. DOLNOŒL¥SKIE|M|32|12
2019-09|02|WOJ. DOLNOŒL¥SKIE|M|33|14
2019-09|02|WOJ. DOLNOŒL¥SKIE|M|53|2
2019-09|02|WOJ. DOLNOŒL¥SKIE|M|38|3
2019-09|02|WOJ. DOLNOŒL¥SKIE|M|55|1
2019-09|02|WOJ. DOLNOŒL¥SKIE|M|14|13
2019-09|02|WOJ. DOLNOŒL¥SKIE|M|60|1
2019-09|02|WOJ. DOLNOŒL¥SKIE|M|37|8
2019-09|02|WOJ. DOLNOŒL¥SKIE|M|22|31
2019-09|02|WOJ. DOLNOŒL¥SKIE|M|28|8
2019-09|02|WOJ. DOLNOŒL¥SKIE|M|61|1
2019-09|02|WOJ. DOLNOŒL¥SKIE|M|62|1
2019-09|02|WOJ. DOLNOŒL¥SKIE|M|27|13
2019-09|02|WOJ. DOLNOŒL¥SKIE|M|51|1
2019-09|02|WOJ. DOLNOŒL¥SKIE|M|63|1
2019-09|02|WOJ. DOLNOŒL¥SKIE|M|36|11
2019-09|02|WOJ. DOLNOŒL¥SKIE|M|26|15
2019-09|02|WOJ. DOLNOŒL¥SKIE|M|35|7
2019-09|02|WOJ. DOLNOŒL¥SKIE|M|40|7
2019-09|02|WOJ. DOLNOŒL¥SKIE|M|44|2
2019-09|02|WOJ. DOLNOŒL¥SKIE|M|47|2
2019-09|02|WOJ. DOLNOŒL¥SKIE|M|34|15
2019-09|04|WOJ. KUJAWSKO-POMORSKIE|K|55|3
2019-09|04|WOJ. KUJAWSKO-POMORSKIE|K|21|28
2019-09|04|WOJ. KUJAWSKO-POMORSKIE|K|53|4
2019-09|04|WOJ. KUJAWSKO-POMORSKIE|K|35|7
2019-09|04|WOJ. KUJAWSKO-POMORSKIE|K|48|3
2019-09|04|WOJ. KUJAWSKO-POMORSKIE|K|41|3
2019-09|04|WOJ. KUJAWSKO-POMORSKIE|K|51|2
2019-09|04|WOJ. KUJAWSKO-POMORSKIE|K|15|4
2019-09|04|WOJ. KUJAWSKO-POMORSKIE|K|54|1
2019-09|04|WOJ. KUJAWSKO-POMORSKIE|K|20|46
2019-09|04|WOJ. KUJAWSKO-POMORSKIE|K|22|26
2019-09|04|WOJ. KUJAWSKO-POMORSKIE|K|29|10
2019-09|04|WOJ. KUJAWSKO-POMORSKIE|K|40|9
2019-09|04|WOJ. KUJAWSKO-POMORSKIE|K|45|1
2019-09|04|WOJ. KUJAWSKO-POMORSKIE|K|36|8
2019-09|04|WOJ. KUJAWSKO-POMORSKIE|K|56|1
2019-09|04|WOJ. KUJAWSKO-POMORSKIE|K|19|151
2019-09|04|WOJ. KUJAWSKO-POMORSKIE|K|33|13
2019-09|04|WOJ. KUJAWSKO-POMORSKIE|K|27|15
2019-09|04|WOJ. KUJAWSKO-POMORSKIE|K|25|24
2019-09|04|WOJ. KUJAWSKO-POMORSKIE|K|34|17
2019-09|04|WOJ. KUJAWSKO-POMORSKIE|K|64|1
2019-09|04|WOJ. KUJAWSKO-POMORSKIE|K|37|8
2019-09|04|WOJ. KUJAWSKO-POMORSKIE|K|26|22
2019-09|04|WOJ. KUJAWSKO-POMORSKIE|K|42|7
2019-09|04|WOJ. KUJAWSKO-POMORSKIE|K|58|1
2019-09|04|WOJ. KUJAWSKO-POMORSKIE|K|57|1
2019-09|04|WOJ. KUJAWSKO-POMORSKIE|K|50|5
2019-09|04|WOJ. KUJAWSKO-POMORSKIE|K|43|7
2019-09|04|WOJ. KUJAWSKO-POMORSKIE|K|52|1
2019-09|04|WOJ. KUJAWSKO-POMORSKIE|K|47|4
2019-09|04|WOJ. KUJAWSKO-POMORSKIE|K|61|3
2019-09|04|WOJ. KUJAWSKO-POMORSKIE|K|16|1
2019-09|04|WOJ. KUJAWSKO-POMORSKIE|K|17|1
2019-09|04|WOJ. KUJAWSKO-POMORSKIE|K|18|460
2019-09|04|WOJ. KUJAWSKO-POMORSKIE|K|23|23
2019-09|04|WOJ. KUJAWSKO-POMORSKIE|K|38|6
2019-09|04|WOJ. KUJAWSKO-POMORSKIE|K|49|2
2019-09|04|WOJ. KUJAWSKO-POMORSKIE|K|24|18
2019-09|04|WOJ. KUJAWSKO-POMORSKIE|K|32|13
2019-09|04|WOJ. KUJAWSKO-POMORSKIE|K|63|1
2019-09|04|WOJ. KUJAWSKO-POMORSKIE|K|30|22
2019-09|04|WOJ. KUJAWSKO-POMORSKIE|K|44|6
2019-09|04|WOJ. KUJAWSKO-POMORSKIE|K|28|21
2019-09|04|WOJ. KUJAWSKO-POMORSKIE|K|39|5
2019-09|04|WOJ. KUJAWSKO-POMORSKIE|K|31|7
2019-09|04|WOJ. KUJAWSKO-POMORSKIE|K|14|2
2019-09|04|WOJ. KUJAWSKO-POMORSKIE|M|33|3
2019-09|04|WOJ. KUJAWSKO-POMORSKIE|M|16|30
2019-09|04|WOJ. KUJAWSKO-POMORSKIE|M|46|1
2019-09|04|WOJ. KUJAWSKO-POMORSKIE|M|17|21
2019-09|04|WOJ. KUJAWSKO-POMORSKIE|M|41|5
2019-09|04|WOJ. KUJAWSKO-POMORSKIE|M|14|18
2019-09|04|WOJ. KUJAWSKO-POMORSKIE|M|27|20
2019-09|04|WOJ. KUJAWSKO-POMORSKIE|M|38|5
2019-09|04|WOJ. KUJAWSKO-POMORSKIE|M|39|4
2019-09|04|WOJ. KUJAWSKO-POMORSKIE|M|48|1
2019-09|04|WOJ. KUJAWSKO-POMORSKIE|M|40|1
2019-09|04|WOJ. KUJAWSKO-POMORSKIE|M|58|1
2019-09|04|WOJ. KUJAWSKO-POMORSKIE|M|55|1
2019-09|04|WOJ. KUJAWSKO-POMORSKIE|M|47|1
2019-09|04|WOJ. KUJAWSKO-POMORSKIE|M|25|16
2019-09|04|WOJ. KUJAWSKO-POMORSKIE|M|21|15
2019-09|04|WOJ. KUJAWSKO-POMORSKIE|M|65|1
2019-09|04|WOJ. KUJAWSKO-POMORSKIE|M|31|8
2019-09|04|WOJ. KUJAWSKO-POMORSKIE|M|35|8
2019-09|04|WOJ. KUJAWSKO-POMORSKIE|M|22|19
2019-09|04|WOJ. KUJAWSKO-POMORSKIE|M|20|50
2019-09|04|WOJ. KUJAWSKO-POMORSKIE|M|34|3
2019-09|04|WOJ. KUJAWSKO-POMORSKIE|M|15|17
2019-09|04|WOJ. KUJAWSKO-POMORSKIE|M|49|2
2019-09|04|WOJ. KUJAWSKO-POMORSKIE|M|64|1
2019-09|04|WOJ. KUJAWSKO-POMORSKIE|M|19|102
2019-09|04|WOJ. KUJAWSKO-POMORSKIE|M|30|8
2019-09|04|WOJ. KUJAWSKO-POMORSKIE|M|32|14
2019-09|04|WOJ. KUJAWSKO-POMORSKIE|M|42|1
2019-09|04|WOJ. KUJAWSKO-POMORSKIE|M|52|1
2019-09|04|WOJ. KUJAWSKO-POMORSKIE|M|29|10
2019-09|04|WOJ. KUJAWSKO-POMORSKIE|M|36|5
2019-09|04|WOJ. KUJAWSKO-POMORSKIE|M|37|7
2019-09|04|WOJ. KUJAWSKO-POMORSKIE|M|50|1
2019-09|04|WOJ. KUJAWSKO-POMORSKIE|M|24|17
2019-09|04|WOJ. KUJAWSKO-POMORSKIE|M|28|12
2019-09|04|WOJ. KUJAWSKO-POMORSKIE|M|18|465
2019-09|04|WOJ. KUJAWSKO-POMORSKIE|M|43|6
2019-09|04|WOJ. KUJAWSKO-POMORSKIE|M|59|1
2019-09|04|WOJ. KUJAWSKO-POMORSKIE|M|23|17
2019-09|04|WOJ. KUJAWSKO-POMORSKIE|M|26|7
2019-09|06|WOJ. LUBELSKIE|K|41|7
2019-09|06|WOJ. LUBELSKIE|K|45|3
2019-09|06|WOJ. LUBELSKIE|K|14|4
2019-09|06|WOJ. LUBELSKIE|K|38|7
2019-09|06|WOJ. LUBELSKIE|K|24|22
2019-09|06|WOJ. LUBELSKIE|K|25|15
2019-09|06|WOJ. LUBELSKIE|K|29|17
2019-09|06|WOJ. LUBELSKIE|K|28|22
2019-09|06|WOJ. LUBELSKIE|K|17|3
2019-09|06|WOJ. LUBELSKIE|K|61|1
2019-09|06|WOJ. LUBELSKIE|K|30|16
2019-09|06|WOJ. LUBELSKIE|K|32|11
2019-09|06|WOJ. LUBELSKIE|K|16|5
2019-09|06|WOJ. LUBELSKIE|K|33|12
2019-09|06|WOJ. LUBELSKIE|K|15|4
2019-09|06|WOJ. LUBELSKIE|K|49|5
2019-09|06|WOJ. LUBELSKIE|K|20|55
2019-09|06|WOJ. LUBELSKIE|K|34|9
2019-09|06|WOJ. LUBELSKIE|K|23|20
2019-09|06|WOJ. LUBELSKIE|K|43|4
2019-09|06|WOJ. LUBELSKIE|K|48|7
2019-09|06|WOJ. LUBELSKIE|K|42|2
2019-09|06|WOJ. LUBELSKIE|K|50|1
2019-09|06|WOJ. LUBELSKIE|K|39|3
2019-09|06|WOJ. LUBELSKIE|K|44|4
2019-09|06|WOJ. LUBELSKIE|K|59|2
2019-09|06|WOJ. LUBELSKIE|K|57|1
2019-09|06|WOJ. LUBELSKIE|K|19|156
2019-09|06|WOJ. LUBELSKIE|K|35|9
2019-09|06|WOJ. LUBELSKIE|K|37|8
2019-09|06|WOJ. LUBELSKIE|K|40|9
2019-09|06|WOJ. LUBELSKIE|K|18|596
2019-09|06|WOJ. LUBELSKIE|K|52|3
2019-09|06|WOJ. LUBELSKIE|K|21|26
2019-09|06|WOJ. LUBELSKIE|K|36|11
2019-09|06|WOJ. LUBELSKIE|K|60|2
2019-09|06|WOJ. LUBELSKIE|K|26|14
2019-09|06|WOJ. LUBELSKIE|K|54|3
2019-09|06|WOJ. LUBELSKIE|K|58|1
2019-09|06|WOJ. LUBELSKIE|K|31|6
2019-09|06|WOJ. LUBELSKIE|K|47|4
2019-09|06|WOJ. LUBELSKIE|K|22|27
2019-09|06|WOJ. LUBELSKIE|K|55|3
2019-09|06|WOJ. LUBELSKIE|K|51|6
2019-09|06|WOJ. LUBELSKIE|K|53|2
2019-09|06|WOJ. LUBELSKIE|K|27|20
2019-09|06|WOJ. LUBELSKIE|K|46|6
2019-09|06|WOJ. LUBELSKIE|M|26|9
2019-09|06|WOJ. LUBELSKIE|M|29|9
2019-09|06|WOJ. LUBELSKIE|M|48|2
2019-09|06|WOJ. LUBELSKIE|M|28|12
2019-09|06|WOJ. LUBELSKIE|M|38|3
2019-09|06|WOJ. LUBELSKIE|M|35|7
2019-09|06|WOJ. LUBELSKIE|M|37|1
2019-09|06|WOJ. LUBELSKIE|M|50|2
2019-09|06|WOJ. LUBELSKIE|M|18|499
2019-09|06|WOJ. LUBELSKIE|M|17|30
2019-09|06|WOJ. LUBELSKIE|M|16|58
2019-09|06|WOJ. LUBELSKIE|M|36|4
2019-09|06|WOJ. LUBELSKIE|M|46|2
2019-09|06|WOJ. LUBELSKIE|M|30|5
2019-09|06|WOJ. LUBELSKIE|M|31|4
2019-09|06|WOJ. LUBELSKIE|M|56|1
2019-09|06|WOJ. LUBELSKIE|M|15|24
2019-09|06|WOJ. LUBELSKIE|M|25|13
2019-09|06|WOJ. LUBELSKIE|M|41|4
2019-09|06|WOJ. LUBELSKIE|M|42|3
2019-09|06|WOJ. LUBELSKIE|M|24|11
2019-09|06|WOJ. LUBELSKIE|M|43|2
2019-09|06|WOJ. LUBELSKIE|M|51|1
2019-09|06|WOJ. LUBELSKIE|M|21|20
2019-09|06|WOJ. LUBELSKIE|M|44|3
2019-09|06|WOJ. LUBELSKIE|M|33|3
2019-09|06|WOJ. LUBELSKIE|M|23|15
2019-09|06|WOJ. LUBELSKIE|M|45|3
2019-09|06|WOJ. LUBELSKIE|M|55|1
2019-09|06|WOJ. LUBELSKIE|M|19|119
2019-09|06|WOJ. LUBELSKIE|M|39|8
2019-09|06|WOJ. LUBELSKIE|M|27|11
2019-09|06|WOJ. LUBELSKIE|M|14|39
2019-09|06|WOJ. LUBELSKIE|M|20|38
2019-09|06|WOJ. LUBELSKIE|M|22|12
2019-09|06|WOJ. LUBELSKIE|M|59|1
2019-09|06|WOJ. LUBELSKIE|M|32|14
2019-09|06|WOJ. LUBELSKIE|M|40|6
2019-09|06|WOJ. LUBELSKIE|M|34|5
2019-09|08|WOJ. LUBUSKIE|K|26|9
2019-09|08|WOJ. LUBUSKIE|K|53|1
2019-09|08|WOJ. LUBUSKIE|K|29|10
2019-09|08|WOJ. LUBUSKIE|K|19|58
2019-09|08|WOJ. LUBUSKIE|K|35|6
2019-09|08|WOJ. LUBUSKIE|K|39|3
2019-09|08|WOJ. LUBUSKIE|K|40|3
2019-09|08|WOJ. LUBUSKIE|K|21|13
2019-09|08|WOJ. LUBUSKIE|K|30|7
2019-09|08|WOJ. LUBUSKIE|K|16|3
2019-09|08|WOJ. LUBUSKIE|K|51|1
2019-09|08|WOJ. LUBUSKIE|K|18|172
2019-09|08|WOJ. LUBUSKIE|K|56|1
2019-09|08|WOJ. LUBUSKIE|K|38|5
2019-09|08|WOJ. LUBUSKIE|K|47|3
2019-09|08|WOJ. LUBUSKIE|K|44|1
2019-09|08|WOJ. LUBUSKIE|K|55|3
2019-09|08|WOJ. LUBUSKIE|K|20|16
2019-09|08|WOJ. LUBUSKIE|K|24|10
2019-09|08|WOJ. LUBUSKIE|K|31|5
2019-09|08|WOJ. LUBUSKIE|K|41|5
2019-09|08|WOJ. LUBUSKIE|K|22|12
2019-09|08|WOJ. LUBUSKIE|K|23|6
2019-09|08|WOJ. LUBUSKIE|K|37|6
2019-09|08|WOJ. LUBUSKIE|K|48|2
2019-09|08|WOJ. LUBUSKIE|K|52|1
2019-09|08|WOJ. LUBUSKIE|K|58|1
2019-09|08|WOJ. LUBUSKIE|K|25|15
2019-09|08|WOJ. LUBUSKIE|K|43|1
2019-09|08|WOJ. LUBUSKIE|K|50|2
2019-09|08|WOJ. LUBUSKIE|K|42|4
2019-09|08|WOJ. LUBUSKIE|K|54|1
2019-09|08|WOJ. LUBUSKIE|K|28|9
2019-09|08|WOJ. LUBUSKIE|K|33|6
2019-09|08|WOJ. LUBUSKIE|K|32|2
2019-09|08|WOJ. LUBUSKIE|K|64|1
2019-09|08|WOJ. LUBUSKIE|K|34|4
2019-09|08|WOJ. LUBUSKIE|K|45|3
2019-09|08|WOJ. LUBUSKIE|K|14|1
2019-09|08|WOJ. LUBUSKIE|K|36|9
2019-09|08|WOJ. LUBUSKIE|K|27|9
2019-09|08|WOJ. LUBUSKIE|M|23|9
2019-09|08|WOJ. LUBUSKIE|M|25|3
2019-09|08|WOJ. LUBUSKIE|M|21|7
2019-09|08|WOJ. LUBUSKIE|M|17|5
2019-09|08|WOJ. LUBUSKIE|M|24|14
2019-09|08|WOJ. LUBUSKIE|M|22|15
2019-09|08|WOJ. LUBUSKIE|M|19|55
2019-09|08|WOJ. LUBUSKIE|M|37|4
2019-09|08|WOJ. LUBUSKIE|M|30|1
2019-09|08|WOJ. LUBUSKIE|M|29|10
2019-09|08|WOJ. LUBUSKIE|M|20|19
2019-09|08|WOJ. LUBUSKIE|M|31|2
2019-09|08|WOJ. LUBUSKIE|M|36|2
2019-09|08|WOJ. LUBUSKIE|M|27|5
2019-09|08|WOJ. LUBUSKIE|M|46|1
2019-09|08|WOJ. LUBUSKIE|M|15|3
2019-09|08|WOJ. LUBUSKIE|M|51|1
2019-09|08|WOJ. LUBUSKIE|M|18|180
2019-09|08|WOJ. LUBUSKIE|M|33|2
2019-09|08|WOJ. LUBUSKIE|M|32|4
2019-09|08|WOJ. LUBUSKIE|M|47|1
2019-09|08|WOJ. LUBUSKIE|M|34|3
2019-09|08|WOJ. LUBUSKIE|M|44|1
2019-09|08|WOJ. LUBUSKIE|M|45|1
2019-09|08|WOJ. LUBUSKIE|M|41|2
2019-09|08|WOJ. LUBUSKIE|M|39|5
2019-09|08|WOJ. LUBUSKIE|M|42|1
2019-09|08|WOJ. LUBUSKIE|M|48|1
2019-09|08|WOJ. LUBUSKIE|M|14|12
2019-09|08|WOJ. LUBUSKIE|M|28|7
2019-09|08|WOJ. LUBUSKIE|M|16|7
2019-09|08|WOJ. LUBUSKIE|M|57|2
2019-09|08|WOJ. LUBUSKIE|M|38|3
2019-09|08|WOJ. LUBUSKIE|M|35|3
2019-09|08|WOJ. LUBUSKIE|M|26|2
2019-09|10|WOJ. £ÓDZKIE|K|30|12
2019-09|10|WOJ. £ÓDZKIE|K|23|13
2019-09|10|WOJ. £ÓDZKIE|K|43|8
2019-09|10|WOJ. £ÓDZKIE|K|57|3
2019-09|10|WOJ. £ÓDZKIE|K|38|5
2019-09|10|WOJ. £ÓDZKIE|K|25|15
2019-09|10|WOJ. £ÓDZKIE|K|45|4
2019-09|10|WOJ. £ÓDZKIE|K|63|1
2019-09|10|WOJ. £ÓDZKIE|K|49|1
2019-09|10|WOJ. £ÓDZKIE|K|19|130
2019-09|10|WOJ. £ÓDZKIE|K|24|18
2019-09|10|WOJ. £ÓDZKIE|K|17|5
2019-09|10|WOJ. £ÓDZKIE|K|22|22
2019-09|10|WOJ. £ÓDZKIE|K|56|3
2019-09|10|WOJ. £ÓDZKIE|K|34|11
2019-09|10|WOJ. £ÓDZKIE|K|42|11
2019-09|10|WOJ. £ÓDZKIE|K|41|2
2019-09|10|WOJ. £ÓDZKIE|K|31|7
2019-09|10|WOJ. £ÓDZKIE|K|28|10
2019-09|10|WOJ. £ÓDZKIE|K|32|10
2019-09|10|WOJ. £ÓDZKIE|K|37|3
2019-09|10|WOJ. £ÓDZKIE|K|39|8
2019-09|10|WOJ. £ÓDZKIE|K|21|25
2019-09|10|WOJ. £ÓDZKIE|K|36|11
2019-09|10|WOJ. £ÓDZKIE|K|15|4
2019-09|10|WOJ. £ÓDZKIE|K|44|5
2019-09|10|WOJ. £ÓDZKIE|K|65|1
2019-09|10|WOJ. £ÓDZKIE|K|18|543
2019-09|10|WOJ. £ÓDZKIE|K|27|11
2019-09|10|WOJ. £ÓDZKIE|K|35|8
2019-09|10|WOJ. £ÓDZKIE|K|51|4
2019-09|10|WOJ. £ÓDZKIE|K|29|12
2019-09|10|WOJ. £ÓDZKIE|K|26|15
2019-09|10|WOJ. £ÓDZKIE|K|54|3
2019-09|10|WOJ. £ÓDZKIE|K|47|2
2019-09|10|WOJ. £ÓDZKIE|K|33|15
2019-09|10|WOJ. £ÓDZKIE|K|52|2
2019-09|10|WOJ. £ÓDZKIE|K|61|3
2019-09|10|WOJ. £ÓDZKIE|K|14|5
2019-09|10|WOJ. £ÓDZKIE|K|20|38
2019-09|10|WOJ. £ÓDZKIE|K|16|6
2019-09|10|WOJ. £ÓDZKIE|K|53|3
2019-09|10|WOJ. £ÓDZKIE|K|50|3
2019-09|10|WOJ. £ÓDZKIE|K|48|3
2019-09|10|WOJ. £ÓDZKIE|K|59|2
2019-09|10|WOJ. £ÓDZKIE|K|46|1
2019-09|10|WOJ. £ÓDZKIE|M|17|16
2019-09|10|WOJ. £ÓDZKIE|M|34|6
2019-09|10|WOJ. £ÓDZKIE|M|26|8
2019-09|10|WOJ. £ÓDZKIE|M|20|28
2019-09|10|WOJ. £ÓDZKIE|M|25|10
2019-09|10|WOJ. £ÓDZKIE|M|58|1
2019-09|10|WOJ. £ÓDZKIE|M|64|1
2019-09|10|WOJ. £ÓDZKIE|M|40|5
2019-09|10|WOJ. £ÓDZKIE|M|19|103
2019-09|10|WOJ. £ÓDZKIE|M|39|4
2019-09|10|WOJ. £ÓDZKIE|M|36|7
2019-09|10|WOJ. £ÓDZKIE|M|30|8
2019-09|10|WOJ. £ÓDZKIE|M|46|1
2019-09|10|WOJ. £ÓDZKIE|M|60|1
2019-09|10|WOJ. £ÓDZKIE|M|47|3
2019-09|10|WOJ. £ÓDZKIE|M|24|16
2019-09|10|WOJ. £ÓDZKIE|M|29|5
2019-09|10|WOJ. £ÓDZKIE|M|22|19
2019-09|10|WOJ. £ÓDZKIE|M|68|1
2019-09|10|WOJ. £ÓDZKIE|M|44|2
2019-09|10|WOJ. £ÓDZKIE|M|63|2
2019-09|10|WOJ. £ÓDZKIE|M|16|39
2019-09|10|WOJ. £ÓDZKIE|M|27|9
2019-09|10|WOJ. £ÓDZKIE|M|23|13
2019-09|10|WOJ. £ÓDZKIE|M|41|4
2019-09|10|WOJ. £ÓDZKIE|M|37|6
2019-09|10|WOJ. £ÓDZKIE|M|62|1
2019-09|10|WOJ. £ÓDZKIE|M|18|496
2019-09|10|WOJ. £ÓDZKIE|M|14|46
2019-09|10|WOJ. £ÓDZKIE|M|45|2
2019-09|10|WOJ. £ÓDZKIE|M|21|12
2019-09|10|WOJ. £ÓDZKIE|M|28|9
2019-09|10|WOJ. £ÓDZKIE|M|43|3
2019-09|10|WOJ. £ÓDZKIE|M|35|6
2019-09|10|WOJ. £ÓDZKIE|M|38|3
2019-09|10|WOJ. £ÓDZKIE|M|42|2
2019-09|10|WOJ. £ÓDZKIE|M|32|6
2019-09|10|WOJ. £ÓDZKIE|M|15|20
2019-09|10|WOJ. £ÓDZKIE|M|31|9
2019-09|10|WOJ. £ÓDZKIE|M|33|6
2019-09|12|WOJ. MA£OPOLSKIE|K|20|76
2019-09|12|WOJ. MA£OPOLSKIE|K|54|2
2019-09|12|WOJ. MA£OPOLSKIE|K|31|12
2019-09|12|WOJ. MA£OPOLSKIE|K|27|33
2019-09|12|WOJ. MA£OPOLSKIE|K|28|16
2019-09|12|WOJ. MA£OPOLSKIE|K|24|24
2019-09|12|WOJ. MA£OPOLSKIE|K|48|2
2019-09|12|WOJ. MA£OPOLSKIE|K|15|1
2019-09|12|WOJ. MA£OPOLSKIE|K|38|12
2019-09|12|WOJ. MA£OPOLSKIE|K|45|3
2019-09|12|WOJ. MA£OPOLSKIE|K|23|28
2019-09|12|WOJ. MA£OPOLSKIE|K|36|13
2019-09|12|WOJ. MA£OPOLSKIE|K|41|9
2019-09|12|WOJ. MA£OPOLSKIE|K|26|20
2019-09|12|WOJ. MA£OPOLSKIE|K|29|12
2019-09|12|WOJ. MA£OPOLSKIE|K|39|4
2019-09|12|WOJ. MA£OPOLSKIE|K|46|4
2019-09|12|WOJ. MA£OPOLSKIE|K|18|770
2019-09|12|WOJ. MA£OPOLSKIE|K|19|238
2019-09|12|WOJ. MA£OPOLSKIE|K|37|12
2019-09|12|WOJ. MA£OPOLSKIE|K|52|5
2019-09|12|WOJ. MA£OPOLSKIE|K|40|11
2019-09|12|WOJ. MA£OPOLSKIE|K|32|16
2019-09|12|WOJ. MA£OPOLSKIE|K|33|13
2019-09|12|WOJ. MA£OPOLSKIE|K|53|1
2019-09|12|WOJ. MA£OPOLSKIE|K|50|3
2019-09|12|WOJ. MA£OPOLSKIE|K|56|1
2019-09|12|WOJ. MA£OPOLSKIE|K|21|48
2019-09|12|WOJ. MA£OPOLSKIE|K|25|22
2019-09|12|WOJ. MA£OPOLSKIE|K|30|29
2019-09|12|WOJ. MA£OPOLSKIE|K|62|1
2019-09|12|WOJ. MA£OPOLSKIE|K|59|1
2019-09|12|WOJ. MA£OPOLSKIE|K|43|7
2019-09|12|WOJ. MA£OPOLSKIE|K|51|2
2019-09|12|WOJ. MA£OPOLSKIE|K|42|4
2019-09|12|WOJ. MA£OPOLSKIE|K|44|7
2019-09|12|WOJ. MA£OPOLSKIE|K|17|3
2019-09|12|WOJ. MA£OPOLSKIE|K|14|6
2019-09|12|WOJ. MA£OPOLSKIE|K|34|16
2019-09|12|WOJ. MA£OPOLSKIE|K|16|4
2019-09|12|WOJ. MA£OPOLSKIE|K|47|4
2019-09|12|WOJ. MA£OPOLSKIE|K|60|2
2019-09|12|WOJ. MA£OPOLSKIE|K|35|17
2019-09|12|WOJ. MA£OPOLSKIE|K|22|28
2019-09|12|WOJ. MA£OPOLSKIE|K|49|2
2019-09|12|WOJ. MA£OPOLSKIE|K|58|2
2019-09|12|WOJ. MA£OPOLSKIE|K|55|4
2019-09|12|WOJ. MA£OPOLSKIE|M|37|4
2019-09|12|WOJ. MA£OPOLSKIE|M|15|39
2019-09|12|WOJ. MA£OPOLSKIE|M|17|22
2019-09|12|WOJ. MA£OPOLSKIE|M|30|12
2019-09|12|WOJ. MA£OPOLSKIE|M|51|2
2019-09|12|WOJ. MA£OPOLSKIE|M|36|5
2019-09|12|WOJ. MA£OPOLSKIE|M|40|2
2019-09|12|WOJ. MA£OPOLSKIE|M|52|1
2019-09|12|WOJ. MA£OPOLSKIE|M|20|63
2019-09|12|WOJ. MA£OPOLSKIE|M|33|10
2019-09|12|WOJ. MA£OPOLSKIE|M|50|1
2019-09|12|WOJ. MA£OPOLSKIE|M|46|4
2019-09|12|WOJ. MA£OPOLSKIE|M|45|1
2019-09|12|WOJ. MA£OPOLSKIE|M|34|13
2019-09|12|WOJ. MA£OPOLSKIE|M|27|14
2019-09|12|WOJ. MA£OPOLSKIE|M|14|41
2019-09|12|WOJ. MA£OPOLSKIE|M|25|15
2019-09|12|WOJ. MA£OPOLSKIE|M|32|6
2019-09|12|WOJ. MA£OPOLSKIE|M|58|2
2019-09|12|WOJ. MA£OPOLSKIE|M|21|33
2019-09|12|WOJ. MA£OPOLSKIE|M|31|7
2019-09|12|WOJ. MA£OPOLSKIE|M|44|2
2019-09|12|WOJ. MA£OPOLSKIE|M|18|863
2019-09|12|WOJ. MA£OPOLSKIE|M|24|17
2019-09|12|WOJ. MA£OPOLSKIE|M|22|18
2019-09|12|WOJ. MA£OPOLSKIE|M|23|25
2019-09|12|WOJ. MA£OPOLSKIE|M|38|6
2019-09|12|WOJ. MA£OPOLSKIE|M|42|1
2019-09|12|WOJ. MA£OPOLSKIE|M|28|15
2019-09|12|WOJ. MA£OPOLSKIE|M|39|4
2019-09|12|WOJ. MA£OPOLSKIE|M|35|8
2019-09|12|WOJ. MA£OPOLSKIE|M|41|2
2019-09|12|WOJ. MA£OPOLSKIE|M|29|7
2019-09|12|WOJ. MA£OPOLSKIE|M|63|1
2019-09|12|WOJ. MA£OPOLSKIE|M|19|184
2019-09|12|WOJ. MA£OPOLSKIE|M|16|53
2019-09|12|WOJ. MA£OPOLSKIE|M|26|11
2019-09|14|WOJ. MAZOWIECKIE|K|57|1
2019-09|14|WOJ. MAZOWIECKIE|K|41|11
2019-09|14|WOJ. MAZOWIECKIE|K|34|21
2019-09|14|WOJ. MAZOWIECKIE|K|19|338
2019-09|14|WOJ. MAZOWIECKIE|K|50|11
2019-09|14|WOJ. MAZOWIECKIE|K|31|25
2019-09|14|WOJ. MAZOWIECKIE|K|48|6
2019-09|14|WOJ. MAZOWIECKIE|K|53|5
2019-09|14|WOJ. MAZOWIECKIE|K|33|21
2019-09|14|WOJ. MAZOWIECKIE|K|24|45
2019-09|14|WOJ. MAZOWIECKIE|K|59|2
2019-09|14|WOJ. MAZOWIECKIE|K|72|1
2019-09|14|WOJ. MAZOWIECKIE|K|56|1
2019-09|14|WOJ. MAZOWIECKIE|K|36|25
2019-09|14|WOJ. MAZOWIECKIE|K|30|38
2019-09|14|WOJ. MAZOWIECKIE|K|45|10
2019-09|14|WOJ. MAZOWIECKIE|K|14|3
2019-09|14|WOJ. MAZOWIECKIE|K|39|21
2019-09|14|WOJ. MAZOWIECKIE|K|49|2
2019-09|14|WOJ. MAZOWIECKIE|K|29|30
2019-09|14|WOJ. MAZOWIECKIE|K|54|5
2019-09|14|WOJ. MAZOWIECKIE|K|35|27
2019-09|14|WOJ. MAZOWIECKIE|K|43|6
2019-09|14|WOJ. MAZOWIECKIE|K|71|1
2019-09|14|WOJ. MAZOWIECKIE|K|15|4
2019-09|14|WOJ. MAZOWIECKIE|K|16|6
2019-09|14|WOJ. MAZOWIECKIE|K|27|33
2019-09|14|WOJ. MAZOWIECKIE|K|38|16
2019-09|14|WOJ. MAZOWIECKIE|K|51|5
2019-09|14|WOJ. MAZOWIECKIE|K|44|8
2019-09|14|WOJ. MAZOWIECKIE|K|52|4
2019-09|14|WOJ. MAZOWIECKIE|K|60|1
2019-09|14|WOJ. MAZOWIECKIE|K|21|64
2019-09|14|WOJ. MAZOWIECKIE|K|23|40
2019-09|14|WOJ. MAZOWIECKIE|K|28|31
2019-09|14|WOJ. MAZOWIECKIE|K|20|119
2019-09|14|WOJ. MAZOWIECKIE|K|18|1003
2019-09|14|WOJ. MAZOWIECKIE|K|25|45
2019-09|14|WOJ. MAZOWIECKIE|K|46|3
2019-09|14|WOJ. MAZOWIECKIE|K|32|20
2019-09|14|WOJ. MAZOWIECKIE|K|22|52
2019-09|14|WOJ. MAZOWIECKIE|K|42|9
2019-09|14|WOJ. MAZOWIECKIE|K|17|9
2019-09|14|WOJ. MAZOWIECKIE|K|37|14
2019-09|14|WOJ. MAZOWIECKIE|K|47|3
2019-09|14|WOJ. MAZOWIECKIE|K|26|43
2019-09|14|WOJ. MAZOWIECKIE|K|66|3
2019-09|14|WOJ. MAZOWIECKIE|K|40|20
2019-09|14|WOJ. MAZOWIECKIE|K|55|1
2019-09|14|WOJ. MAZOWIECKIE|M|28|25
2019-09|14|WOJ. MAZOWIECKIE|M|31|22
2019-09|14|WOJ. MAZOWIECKIE|M|64|1
2019-09|14|WOJ. MAZOWIECKIE|M|19|278
2019-09|14|WOJ. MAZOWIECKIE|M|16|79
2019-09|14|WOJ. MAZOWIECKIE|M|22|37
2019-09|14|WOJ. MAZOWIECKIE|M|36|16
2019-09|14|WOJ. MAZOWIECKIE|M|42|6
2019-09|14|WOJ. MAZOWIECKIE|M|43|1
2019-09|14|WOJ. MAZOWIECKIE|M|68|1
2019-09|14|WOJ. MAZOWIECKIE|M|51|1
2019-09|14|WOJ. MAZOWIECKIE|M|30|17
2019-09|14|WOJ. MAZOWIECKIE|M|20|129
2019-09|14|WOJ. MAZOWIECKIE|M|17|35
2019-09|14|WOJ. MAZOWIECKIE|M|47|1
2019-09|14|WOJ. MAZOWIECKIE|M|27|25
2019-09|14|WOJ. MAZOWIECKIE|M|25|33
2019-09|14|WOJ. MAZOWIECKIE|M|38|13
2019-09|14|WOJ. MAZOWIECKIE|M|29|13
2019-09|14|WOJ. MAZOWIECKIE|M|23|36
2019-09|14|WOJ. MAZOWIECKIE|M|33|14
2019-09|14|WOJ. MAZOWIECKIE|M|21|57
2019-09|14|WOJ. MAZOWIECKIE|M|14|63
2019-09|14|WOJ. MAZOWIECKIE|M|40|3
2019-09|14|WOJ. MAZOWIECKIE|M|35|8
2019-09|14|WOJ. MAZOWIECKIE|M|37|10
2019-09|14|WOJ. MAZOWIECKIE|M|44|4
2019-09|14|WOJ. MAZOWIECKIE|M|49|1
2019-09|14|WOJ. MAZOWIECKIE|M|65|1
2019-09|14|WOJ. MAZOWIECKIE|M|18|1055
2019-09|14|WOJ. MAZOWIECKIE|M|26|17
2019-09|14|WOJ. MAZOWIECKIE|M|46|3
2019-09|14|WOJ. MAZOWIECKIE|M|60|2
2019-09|14|WOJ. MAZOWIECKIE|M|56|2
2019-09|14|WOJ. MAZOWIECKIE|M|62|1
2019-09|14|WOJ. MAZOWIECKIE|M|32|25
2019-09|14|WOJ. MAZOWIECKIE|M|15|42
2019-09|14|WOJ. MAZOWIECKIE|M|41|11
2019-09|14|WOJ. MAZOWIECKIE|M|45|4
2019-09|14|WOJ. MAZOWIECKIE|M|53|2
2019-09|14|WOJ. MAZOWIECKIE|M|50|1
2019-09|14|WOJ. MAZOWIECKIE|M|55|1
2019-09|14|WOJ. MAZOWIECKIE|M|58|1
2019-09|14|WOJ. MAZOWIECKIE|M|24|38
2019-09|14|WOJ. MAZOWIECKIE|M|39|5
2019-09|14|WOJ. MAZOWIECKIE|M|34|18
2019-09|16|WOJ. OPOLSKIE|K|40|1
2019-09|16|WOJ. OPOLSKIE|K|22|10
2019-09|16|WOJ. OPOLSKIE|K|21|11
2019-09|16|WOJ. OPOLSKIE|K|28|5
2019-09|16|WOJ. OPOLSKIE|K|53|1
2019-09|16|WOJ. OPOLSKIE|K|27|10
2019-09|16|WOJ. OPOLSKIE|K|25|4
2019-09|16|WOJ. OPOLSKIE|K|15|1
2019-09|16|WOJ. OPOLSKIE|K|39|2
2019-09|16|WOJ. OPOLSKIE|K|36|3
2019-09|16|WOJ. OPOLSKIE|K|49|1
2019-09|16|WOJ. OPOLSKIE|K|47|1
2019-09|16|WOJ. OPOLSKIE|K|23|5
2019-09|16|WOJ. OPOLSKIE|K|26|5
2019-09|16|WOJ. OPOLSKIE|K|38|2
2019-09|16|WOJ. OPOLSKIE|K|33|1
2019-09|16|WOJ. OPOLSKIE|K|45|1
2019-09|16|WOJ. OPOLSKIE|K|29|8
2019-09|16|WOJ. OPOLSKIE|K|19|54
2019-09|16|WOJ. OPOLSKIE|K|60|2
2019-09|16|WOJ. OPOLSKIE|K|35|4
2019-09|16|WOJ. OPOLSKIE|K|32|3
2019-09|16|WOJ. OPOLSKIE|K|14|5
2019-09|16|WOJ. OPOLSKIE|K|48|1
2019-09|16|WOJ. OPOLSKIE|K|20|14
2019-09|16|WOJ. OPOLSKIE|K|42|1
2019-09|16|WOJ. OPOLSKIE|K|24|10
2019-09|16|WOJ. OPOLSKIE|K|16|3
2019-09|16|WOJ. OPOLSKIE|K|34|3
2019-09|16|WOJ. OPOLSKIE|K|43|5
2019-09|16|WOJ. OPOLSKIE|K|50|1
2019-09|16|WOJ. OPOLSKIE|K|37|3
2019-09|16|WOJ. OPOLSKIE|K|31|5
2019-09|16|WOJ. OPOLSKIE|K|54|1
2019-09|16|WOJ. OPOLSKIE|K|41|1
2019-09|16|WOJ. OPOLSKIE|K|18|191
2019-09|16|WOJ. OPOLSKIE|K|17|2
2019-09|16|WOJ. OPOLSKIE|K|30|4
2019-09|16|WOJ. OPOLSKIE|M|19|49
2019-09|16|WOJ. OPOLSKIE|M|28|8
2019-09|16|WOJ. OPOLSKIE|M|14|18
2019-09|16|WOJ. OPOLSKIE|M|22|6
2019-09|16|WOJ. OPOLSKIE|M|31|4
2019-09|16|WOJ. OPOLSKIE|M|37|1
2019-09|16|WOJ. OPOLSKIE|M|21|11
2019-09|16|WOJ. OPOLSKIE|M|35|3
2019-09|16|WOJ. OPOLSKIE|M|24|5
2019-09|16|WOJ. OPOLSKIE|M|33|1
2019-09|16|WOJ. OPOLSKIE|M|27|6
2019-09|16|WOJ. OPOLSKIE|M|52|1
2019-09|16|WOJ. OPOLSKIE|M|25|3
2019-09|16|WOJ. OPOLSKIE|M|53|1
2019-09|16|WOJ. OPOLSKIE|M|16|15
2019-09|16|WOJ. OPOLSKIE|M|29|6
2019-09|16|WOJ. OPOLSKIE|M|34|4
2019-09|16|WOJ. OPOLSKIE|M|59|1
2019-09|16|WOJ. OPOLSKIE|M|17|5
2019-09|16|WOJ. OPOLSKIE|M|36|2
2019-09|16|WOJ. OPOLSKIE|M|69|1
2019-09|16|WOJ. OPOLSKIE|M|30|4
2019-09|16|WOJ. OPOLSKIE|M|23|7
2019-09|16|WOJ. OPOLSKIE|M|41|2
2019-09|16|WOJ. OPOLSKIE|M|43|1
2019-09|16|WOJ. OPOLSKIE|M|26|7
2019-09|16|WOJ. OPOLSKIE|M|54|3
2019-09|16|WOJ. OPOLSKIE|M|38|1
2019-09|16|WOJ. OPOLSKIE|M|20|11
2019-09|16|WOJ. OPOLSKIE|M|18|185
2019-09|16|WOJ. OPOLSKIE|M|15|11
2019-09|16|WOJ. OPOLSKIE|M|40|2
2019-09|18|WOJ. PODKARPACKIE|K|40|1
2019-09|18|WOJ. PODKARPACKIE|K|27|10
2019-09|18|WOJ. PODKARPACKIE|K|25|13
2019-09|18|WOJ. PODKARPACKIE|K|48|3
2019-09|18|WOJ. PODKARPACKIE|K|46|5
2019-09|18|WOJ. PODKARPACKIE|K|32|5
2019-09|18|WOJ. PODKARPACKIE|K|52|3
2019-09|18|WOJ. PODKARPACKIE|K|26|8
2019-09|18|WOJ. PODKARPACKIE|K|49|2
2019-09|18|WOJ. PODKARPACKIE|K|20|48
2019-09|18|WOJ. PODKARPACKIE|K|47|4
2019-09|18|WOJ. PODKARPACKIE|K|43|4
2019-09|18|WOJ. PODKARPACKIE|K|18|622
2019-09|18|WOJ. PODKARPACKIE|K|22|17
2019-09|18|WOJ. PODKARPACKIE|K|23|17
2019-09|18|WOJ. PODKARPACKIE|K|24|25
2019-09|18|WOJ. PODKARPACKIE|K|44|5
2019-09|18|WOJ. PODKARPACKIE|K|28|13
2019-09|18|WOJ. PODKARPACKIE|K|31|11
2019-09|18|WOJ. PODKARPACKIE|K|33|10
2019-09|18|WOJ. PODKARPACKIE|K|38|4
2019-09|18|WOJ. PODKARPACKIE|K|37|11
2019-09|18|WOJ. PODKARPACKIE|K|16|8
2019-09|18|WOJ. PODKARPACKIE|K|51|3
2019-09|18|WOJ. PODKARPACKIE|K|17|2
2019-09|18|WOJ. PODKARPACKIE|K|29|18
2019-09|18|WOJ. PODKARPACKIE|K|19|154
2019-09|18|WOJ. PODKARPACKIE|K|21|23
2019-09|18|WOJ. PODKARPACKIE|K|45|2
2019-09|18|WOJ. PODKARPACKIE|K|30|8
2019-09|18|WOJ. PODKARPACKIE|K|15|4
2019-09|18|WOJ. PODKARPACKIE|K|34|8
2019-09|18|WOJ. PODKARPACKIE|K|35|9
2019-09|18|WOJ. PODKARPACKIE|K|39|4
2019-09|18|WOJ. PODKARPACKIE|K|50|1
2019-09|18|WOJ. PODKARPACKIE|K|54|1
2019-09|18|WOJ. PODKARPACKIE|K|41|2
2019-09|18|WOJ. PODKARPACKIE|K|57|2
2019-09|18|WOJ. PODKARPACKIE|K|14|3
2019-09|18|WOJ. PODKARPACKIE|K|55|2
2019-09|18|WOJ. PODKARPACKIE|K|63|1
2019-09|18|WOJ. PODKARPACKIE|K|59|1
2019-09|18|WOJ. PODKARPACKIE|K|36|4
2019-09|18|WOJ. PODKARPACKIE|K|42|3
2019-09|18|WOJ. PODKARPACKIE|K|56|1
2019-09|18|WOJ. PODKARPACKIE|M|23|11
2019-09|18|WOJ. PODKARPACKIE|M|26|11
2019-09|18|WOJ. PODKARPACKIE|M|42|1
2019-09|18|WOJ. PODKARPACKIE|M|39|3
2019-09|18|WOJ. PODKARPACKIE|M|75|1
2019-09|18|WOJ. PODKARPACKIE|M|14|20
2019-09|18|WOJ. PODKARPACKIE|M|21|16
2019-09|18|WOJ. PODKARPACKIE|M|32|6
2019-09|18|WOJ. PODKARPACKIE|M|15|25
2019-09|18|WOJ. PODKARPACKIE|M|24|11
2019-09|18|WOJ. PODKARPACKIE|M|27|7
2019-09|18|WOJ. PODKARPACKIE|M|29|2
2019-09|18|WOJ. PODKARPACKIE|M|31|5
2019-09|18|WOJ. PODKARPACKIE|M|37|5
2019-09|18|WOJ. PODKARPACKIE|M|34|2
2019-09|18|WOJ. PODKARPACKIE|M|30|6
2019-09|18|WOJ. PODKARPACKIE|M|38|2
2019-09|18|WOJ. PODKARPACKIE|M|54|1
2019-09|18|WOJ. PODKARPACKIE|M|19|84
2019-09|18|WOJ. PODKARPACKIE|M|17|15
2019-09|18|WOJ. PODKARPACKIE|M|20|33
2019-09|18|WOJ. PODKARPACKIE|M|25|10
2019-09|18|WOJ. PODKARPACKIE|M|28|7
2019-09|18|WOJ. PODKARPACKIE|M|33|8
2019-09|18|WOJ. PODKARPACKIE|M|36|3
2019-09|18|WOJ. PODKARPACKIE|M|50|1
2019-09|18|WOJ. PODKARPACKIE|M|52|1
2019-09|18|WOJ. PODKARPACKIE|M|35|2
2019-09|18|WOJ. PODKARPACKIE|M|74|1
2019-09|18|WOJ. PODKARPACKIE|M|18|582
2019-09|18|WOJ. PODKARPACKIE|M|22|7
2019-09|18|WOJ. PODKARPACKIE|M|46|1
2019-09|18|WOJ. PODKARPACKIE|M|47|2
2019-09|18|WOJ. PODKARPACKIE|M|16|40
2019-09|20|WOJ. PODLASKIE|K|31|3
2019-09|20|WOJ. PODLASKIE|K|21|20
2019-09|20|WOJ. PODLASKIE|K|50|2
2019-09|20|WOJ. PODLASKIE|K|15|2
2019-09|20|WOJ. PODLASKIE|K|51|1
2019-09|20|WOJ. PODLASKIE|K|34|3
2019-09|20|WOJ. PODLASKIE|K|36|4
2019-09|20|WOJ. PODLASKIE|K|14|2
2019-09|20|WOJ. PODLASKIE|K|59|1
2019-09|20|WOJ. PODLASKIE|K|24|10
2019-09|20|WOJ. PODLASKIE|K|42|4
2019-09|20|WOJ. PODLASKIE|K|39|4
2019-09|20|WOJ. PODLASKIE|K|37|3
2019-09|20|WOJ. PODLASKIE|K|47|2
2019-09|20|WOJ. PODLASKIE|K|18|270
2019-09|20|WOJ. PODLASKIE|K|28|12
2019-09|20|WOJ. PODLASKIE|K|35|5
2019-09|20|WOJ. PODLASKIE|K|22|11
2019-09|20|WOJ. PODLASKIE|K|27|7
2019-09|20|WOJ. PODLASKIE|K|49|1
2019-09|20|WOJ. PODLASKIE|K|41|2
2019-09|20|WOJ. PODLASKIE|K|56|1
2019-09|20|WOJ. PODLASKIE|K|32|8
2019-09|20|WOJ. PODLASKIE|K|53|1
2019-09|20|WOJ. PODLASKIE|K|17|1
2019-09|20|WOJ. PODLASKIE|K|58|1
2019-09|20|WOJ. PODLASKIE|K|20|31
2019-09|20|WOJ. PODLASKIE|K|25|8
2019-09|20|WOJ. PODLASKIE|K|44|2
2019-09|20|WOJ. PODLASKIE|K|38|5
2019-09|20|WOJ. PODLASKIE|K|40|3
2019-09|20|WOJ. PODLASKIE|K|52|3
2019-09|20|WOJ. PODLASKIE|K|19|85
2019-09|20|WOJ. PODLASKIE|K|29|8
2019-09|20|WOJ. PODLASKIE|K|23|14
2019-09|20|WOJ. PODLASKIE|K|43|3
2019-09|20|WOJ. PODLASKIE|K|30|3
2019-09|20|WOJ. PODLASKIE|K|26|12
2019-09|20|WOJ. PODLASKIE|K|33|3
2019-09|20|WOJ. PODLASKIE|M|47|2
2019-09|20|WOJ. PODLASKIE|M|37|4
2019-09|20|WOJ. PODLASKIE|M|35|2
2019-09|20|WOJ. PODLASKIE|M|27|5
2019-09|20|WOJ. PODLASKIE|M|39|4
2019-09|20|WOJ. PODLASKIE|M|45|1
2019-09|20|WOJ. PODLASKIE|M|19|63
2019-09|20|WOJ. PODLASKIE|M|50|1
2019-09|20|WOJ. PODLASKIE|M|40|1
2019-09|20|WOJ. PODLASKIE|M|32|5
2019-09|20|WOJ. PODLASKIE|M|15|14
2019-09|20|WOJ. PODLASKIE|M|29|1
2019-09|20|WOJ. PODLASKIE|M|26|5
2019-09|20|WOJ. PODLASKIE|M|20|19
2019-09|20|WOJ. PODLASKIE|M|44|3
2019-09|20|WOJ. PODLASKIE|M|42|1
2019-09|20|WOJ. PODLASKIE|M|34|3
2019-09|20|WOJ. PODLASKIE|M|30|5
2019-09|20|WOJ. PODLASKIE|M|25|1
2019-09|20|WOJ. PODLASKIE|M|33|3
2019-09|20|WOJ. PODLASKIE|M|28|4
2019-09|20|WOJ. PODLASKIE|M|43|1
2019-09|20|WOJ. PODLASKIE|M|24|5
2019-09|20|WOJ. PODLASKIE|M|38|3
2019-09|20|WOJ. PODLASKIE|M|14|23
2019-09|20|WOJ. PODLASKIE|M|16|26
2019-09|20|WOJ. PODLASKIE|M|61|1
2019-09|20|WOJ. PODLASKIE|M|17|13
2019-09|20|WOJ. PODLASKIE|M|21|12
2019-09|20|WOJ. PODLASKIE|M|41|1
2019-09|20|WOJ. PODLASKIE|M|36|3
2019-09|20|WOJ. PODLASKIE|M|18|267
2019-09|20|WOJ. PODLASKIE|M|22|10
2019-09|20|WOJ. PODLASKIE|M|23|7
2019-09|22|WOJ. POMORSKIE|K|56|1
2019-09|22|WOJ. POMORSKIE|K|26|29
2019-09|22|WOJ. POMORSKIE|K|60|1
2019-09|22|WOJ. POMORSKIE|K|20|70
2019-09|22|WOJ. POMORSKIE|K|61|2
2019-09|22|WOJ. POMORSKIE|K|40|11
2019-09|22|WOJ. POMORSKIE|K|27|29
2019-09|22|WOJ. POMORSKIE|K|52|2
2019-09|22|WOJ. POMORSKIE|K|39|4
2019-09|22|WOJ. POMORSKIE|K|14|2
2019-09|22|WOJ. POMORSKIE|K|17|4
2019-09|22|WOJ. POMORSKIE|K|21|27
2019-09|22|WOJ. POMORSKIE|K|35|8
2019-09|22|WOJ. POMORSKIE|K|44|4
2019-09|22|WOJ. POMORSKIE|K|16|6
2019-09|22|WOJ. POMORSKIE|K|66|1
2019-09|22|WOJ. POMORSKIE|K|31|12
2019-09|22|WOJ. POMORSKIE|K|18|441
2019-09|22|WOJ. POMORSKIE|K|15|3
2019-09|22|WOJ. POMORSKIE|K|19|152
2019-09|22|WOJ. POMORSKIE|K|34|23
2019-09|22|WOJ. POMORSKIE|K|41|7
2019-09|22|WOJ. POMORSKIE|K|36|8
2019-09|22|WOJ. POMORSKIE|K|59|2
2019-09|22|WOJ. POMORSKIE|K|58|1
2019-09|22|WOJ. POMORSKIE|K|49|1
2019-09|22|WOJ. POMORSKIE|K|38|8
2019-09|22|WOJ. POMORSKIE|K|37|8
2019-09|22|WOJ. POMORSKIE|K|29|20
2019-09|22|WOJ. POMORSKIE|K|24|26
2019-09|22|WOJ. POMORSKIE|K|32|18
2019-09|22|WOJ. POMORSKIE|K|23|19
2019-09|22|WOJ. POMORSKIE|K|42|4
2019-09|22|WOJ. POMORSKIE|K|53|1
2019-09|22|WOJ. POMORSKIE|K|28|22
2019-09|22|WOJ. POMORSKIE|K|30|18
2019-09|22|WOJ. POMORSKIE|K|22|30
2019-09|22|WOJ. POMORSKIE|K|43|7
2019-09|22|WOJ. POMORSKIE|K|33|16
2019-09|22|WOJ. POMORSKIE|K|50|1
2019-09|22|WOJ. POMORSKIE|K|57|3
2019-09|22|WOJ. POMORSKIE|K|47|7
2019-09|22|WOJ. POMORSKIE|K|25|19
2019-09|22|WOJ. POMORSKIE|K|45|3
2019-09|22|WOJ. POMORSKIE|K|51|2
2019-09|22|WOJ. POMORSKIE|K|48|2
2019-09|22|WOJ. POMORSKIE|K|46|3
2019-09|22|WOJ. POMORSKIE|M|21|24
2019-09|22|WOJ. POMORSKIE|M|40|5
2019-09|22|WOJ. POMORSKIE|M|38|5
2019-09|22|WOJ. POMORSKIE|M|47|1
2019-09|22|WOJ. POMORSKIE|M|53|1
2019-09|22|WOJ. POMORSKIE|M|49|1
2019-09|22|WOJ. POMORSKIE|M|17|16
2019-09|22|WOJ. POMORSKIE|M|29|13
2019-09|22|WOJ. POMORSKIE|M|46|1
2019-09|22|WOJ. POMORSKIE|M|43|2
2019-09|22|WOJ. POMORSKIE|M|44|1
2019-09|22|WOJ. POMORSKIE|M|24|16
2019-09|22|WOJ. POMORSKIE|M|36|5
2019-09|22|WOJ. POMORSKIE|M|14|18
2019-09|22|WOJ. POMORSKIE|M|31|9
2019-09|22|WOJ. POMORSKIE|M|51|2
2019-09|22|WOJ. POMORSKIE|M|39|5
2019-09|22|WOJ. POMORSKIE|M|33|14
2019-09|22|WOJ. POMORSKIE|M|19|130
2019-09|22|WOJ. POMORSKIE|M|34|11
2019-09|22|WOJ. POMORSKIE|M|25|18
2019-09|22|WOJ. POMORSKIE|M|20|48
2019-09|22|WOJ. POMORSKIE|M|22|27
2019-09|22|WOJ. POMORSKIE|M|45|1
2019-09|22|WOJ. POMORSKIE|M|35|9
2019-09|22|WOJ. POMORSKIE|M|37|5
2019-09|22|WOJ. POMORSKIE|M|41|5
2019-09|22|WOJ. POMORSKIE|M|52|1
2019-09|22|WOJ. POMORSKIE|M|18|476
2019-09|22|WOJ. POMORSKIE|M|28|17
2019-09|22|WOJ. POMORSKIE|M|30|9
2019-09|22|WOJ. POMORSKIE|M|26|18
2019-09|22|WOJ. POMORSKIE|M|15|15
2019-09|22|WOJ. POMORSKIE|M|42|3
2019-09|22|WOJ. POMORSKIE|M|55|1
2019-09|22|WOJ. POMORSKIE|M|23|30
2019-09|22|WOJ. POMORSKIE|M|16|26
2019-09|22|WOJ. POMORSKIE|M|32|8
2019-09|22|WOJ. POMORSKIE|M|27|16
2019-09|24|WOJ. ŒL¥SKIE|K|66|1
2019-09|24|WOJ. ŒL¥SKIE|K|44|3
2019-09|24|WOJ. ŒL¥SKIE|K|52|4
2019-09|24|WOJ. ŒL¥SKIE|K|40|16
2019-09|24|WOJ. ŒL¥SKIE|K|51|2
2019-09|24|WOJ. ŒL¥SKIE|K|58|2
2019-09|24|WOJ. ŒL¥SKIE|K|62|1
2019-09|24|WOJ. ŒL¥SKIE|K|18|713
2019-09|24|WOJ. ŒL¥SKIE|K|22|48
2019-09|24|WOJ. ŒL¥SKIE|K|35|14
2019-09|24|WOJ. ŒL¥SKIE|K|41|11
2019-09|24|WOJ. ŒL¥SKIE|K|24|41
2019-09|24|WOJ. ŒL¥SKIE|K|49|6
2019-09|24|WOJ. ŒL¥SKIE|K|30|22
2019-09|24|WOJ. ŒL¥SKIE|K|31|29
2019-09|24|WOJ. ŒL¥SKIE|K|42|6
2019-09|24|WOJ. ŒL¥SKIE|K|56|2
2019-09|24|WOJ. ŒL¥SKIE|K|28|20
2019-09|24|WOJ. ŒL¥SKIE|K|19|274
2019-09|24|WOJ. ŒL¥SKIE|K|26|39
2019-09|24|WOJ. ŒL¥SKIE|K|38|14
2019-09|24|WOJ. ŒL¥SKIE|K|16|8
2019-09|24|WOJ. ŒL¥SKIE|K|32|21
2019-09|24|WOJ. ŒL¥SKIE|K|47|4
2019-09|24|WOJ. ŒL¥SKIE|K|55|2
2019-09|24|WOJ. ŒL¥SKIE|K|50|1
2019-09|24|WOJ. ŒL¥SKIE|K|21|55
2019-09|24|WOJ. ŒL¥SKIE|K|23|39
2019-09|24|WOJ. ŒL¥SKIE|K|25|40
2019-09|24|WOJ. ŒL¥SKIE|K|29|16
2019-09|24|WOJ. ŒL¥SKIE|K|17|1
2019-09|24|WOJ. ŒL¥SKIE|K|63|1
2019-09|24|WOJ. ŒL¥SKIE|K|33|25
2019-09|24|WOJ. ŒL¥SKIE|K|36|26
2019-09|24|WOJ. ŒL¥SKIE|K|27|20
2019-09|24|WOJ. ŒL¥SKIE|K|39|8
2019-09|24|WOJ. ŒL¥SKIE|K|37|18
2019-09|24|WOJ. ŒL¥SKIE|K|45|6
2019-09|24|WOJ. ŒL¥SKIE|K|46|4
2019-09|24|WOJ. ŒL¥SKIE|K|64|1
2019-09|24|WOJ. ŒL¥SKIE|K|34|9
2019-09|24|WOJ. ŒL¥SKIE|K|15|5
2019-09|24|WOJ. ŒL¥SKIE|K|48|5
2019-09|24|WOJ. ŒL¥SKIE|K|14|2
2019-09|24|WOJ. ŒL¥SKIE|K|60|1
2019-09|24|WOJ. ŒL¥SKIE|K|20|81
2019-09|24|WOJ. ŒL¥SKIE|K|43|6
2019-09|24|WOJ. ŒL¥SKIE|M|40|7
2019-09|24|WOJ. ŒL¥SKIE|M|36|20
2019-09|24|WOJ. ŒL¥SKIE|M|63|1
2019-09|24|WOJ. ŒL¥SKIE|M|39|13
2019-09|24|WOJ. ŒL¥SKIE|M|52|1
2019-09|24|WOJ. ŒL¥SKIE|M|21|52
2019-09|24|WOJ. ŒL¥SKIE|M|28|21
2019-09|24|WOJ. ŒL¥SKIE|M|46|4
2019-09|24|WOJ. ŒL¥SKIE|M|60|1
2019-09|24|WOJ. ŒL¥SKIE|M|66|1
2019-09|24|WOJ. ŒL¥SKIE|M|57|1
2019-09|24|WOJ. ŒL¥SKIE|M|15|39
2019-09|24|WOJ. ŒL¥SKIE|M|19|201
2019-09|24|WOJ. ŒL¥SKIE|M|25|28
2019-09|24|WOJ. ŒL¥SKIE|M|45|6
2019-09|24|WOJ. ŒL¥SKIE|M|32|16
2019-09|24|WOJ. ŒL¥SKIE|M|37|10
2019-09|24|WOJ. ŒL¥SKIE|M|62|2
2019-09|24|WOJ. ŒL¥SKIE|M|27|36
2019-09|24|WOJ. ŒL¥SKIE|M|30|17
2019-09|24|WOJ. ŒL¥SKIE|M|38|8
2019-09|24|WOJ. ŒL¥SKIE|M|33|15
2019-09|24|WOJ. ŒL¥SKIE|M|23|43
2019-09|24|WOJ. ŒL¥SKIE|M|54|1
2019-09|24|WOJ. ŒL¥SKIE|M|50|1
2019-09|24|WOJ. ŒL¥SKIE|M|44|4
2019-09|24|WOJ. ŒL¥SKIE|M|34|10
2019-09|24|WOJ. ŒL¥SKIE|M|14|40
2019-09|24|WOJ. ŒL¥SKIE|M|16|50
2019-09|24|WOJ. ŒL¥SKIE|M|41|5
2019-09|24|WOJ. ŒL¥SKIE|M|31|17
2019-09|24|WOJ. ŒL¥SKIE|M|47|3
2019-09|24|WOJ. ŒL¥SKIE|M|43|2
2019-09|24|WOJ. ŒL¥SKIE|M|56|1
2019-09|24|WOJ. ŒL¥SKIE|M|18|725
2019-09|24|WOJ. ŒL¥SKIE|M|20|73
2019-09|24|WOJ. ŒL¥SKIE|M|22|32
2019-09|24|WOJ. ŒL¥SKIE|M|35|15
2019-09|24|WOJ. ŒL¥SKIE|M|26|16
2019-09|24|WOJ. ŒL¥SKIE|M|42|12
2019-09|24|WOJ. ŒL¥SKIE|M|17|17
2019-09|24|WOJ. ŒL¥SKIE|M|24|20
2019-09|24|WOJ. ŒL¥SKIE|M|29|24
2019-09|24|WOJ. ŒL¥SKIE|M|48|2
2019-09|26|WOJ. ŒWIÊTOKRZYSKIE|K|29|4
2019-09|26|WOJ. ŒWIÊTOKRZYSKIE|K|48|4
2019-09|26|WOJ. ŒWIÊTOKRZYSKIE|K|25|4
2019-09|26|WOJ. ŒWIÊTOKRZYSKIE|K|37|5
2019-09|26|WOJ. ŒWIÊTOKRZYSKIE|K|55|1
2019-09|26|WOJ. ŒWIÊTOKRZYSKIE|K|18|332
2019-09|26|WOJ. ŒWIÊTOKRZYSKIE|K|19|92
2019-09|26|WOJ. ŒWIÊTOKRZYSKIE|K|34|4
2019-09|26|WOJ. ŒWIÊTOKRZYSKIE|K|50|2
2019-09|26|WOJ. ŒWIÊTOKRZYSKIE|K|33|2
2019-09|26|WOJ. ŒWIÊTOKRZYSKIE|K|70|1
2019-09|26|WOJ. ŒWIÊTOKRZYSKIE|K|22|17
2019-09|26|WOJ. ŒWIÊTOKRZYSKIE|K|20|18
2019-09|26|WOJ. ŒWIÊTOKRZYSKIE|K|51|2
2019-09|26|WOJ. ŒWIÊTOKRZYSKIE|K|43|3
2019-09|26|WOJ. ŒWIÊTOKRZYSKIE|K|15|2
2019-09|26|WOJ. ŒWIÊTOKRZYSKIE|K|27|10
2019-09|26|WOJ. ŒWIÊTOKRZYSKIE|K|54|2
2019-09|26|WOJ. ŒWIÊTOKRZYSKIE|K|47|1
2019-09|26|WOJ. ŒWIÊTOKRZYSKIE|K|21|13
2019-09|26|WOJ. ŒWIÊTOKRZYSKIE|K|26|7
2019-09|26|WOJ. ŒWIÊTOKRZYSKIE|K|24|7
2019-09|26|WOJ. ŒWIÊTOKRZYSKIE|K|41|2
2019-09|26|WOJ. ŒWIÊTOKRZYSKIE|K|52|3
2019-09|26|WOJ. ŒWIÊTOKRZYSKIE|K|17|1
2019-09|26|WOJ. ŒWIÊTOKRZYSKIE|K|32|7
2019-09|26|WOJ. ŒWIÊTOKRZYSKIE|K|36|2
2019-09|26|WOJ. ŒWIÊTOKRZYSKIE|K|35|10
2019-09|26|WOJ. ŒWIÊTOKRZYSKIE|K|30|6
2019-09|26|WOJ. ŒWIÊTOKRZYSKIE|K|40|1
2019-09|26|WOJ. ŒWIÊTOKRZYSKIE|K|14|2
2019-09|26|WOJ. ŒWIÊTOKRZYSKIE|K|38|2
2019-09|26|WOJ. ŒWIÊTOKRZYSKIE|K|57|1
2019-09|26|WOJ. ŒWIÊTOKRZYSKIE|K|61|1
2019-09|26|WOJ. ŒWIÊTOKRZYSKIE|K|23|10
2019-09|26|WOJ. ŒWIÊTOKRZYSKIE|K|31|12
2019-09|26|WOJ. ŒWIÊTOKRZYSKIE|K|44|2
2019-09|26|WOJ. ŒWIÊTOKRZYSKIE|K|53|1
2019-09|26|WOJ. ŒWIÊTOKRZYSKIE|K|42|4
2019-09|26|WOJ. ŒWIÊTOKRZYSKIE|K|39|4
2019-09|26|WOJ. ŒWIÊTOKRZYSKIE|K|28|7
2019-09|26|WOJ. ŒWIÊTOKRZYSKIE|M|64|1
2019-09|26|WOJ. ŒWIÊTOKRZYSKIE|M|15|9
2019-09|26|WOJ. ŒWIÊTOKRZYSKIE|M|32|2
2019-09|26|WOJ. ŒWIÊTOKRZYSKIE|M|40|2
2019-09|26|WOJ. ŒWIÊTOKRZYSKIE|M|36|5
2019-09|26|WOJ. ŒWIÊTOKRZYSKIE|M|26|4
2019-09|26|WOJ. ŒWIÊTOKRZYSKIE|M|27|7
2019-09|26|WOJ. ŒWIÊTOKRZYSKIE|M|37|3
2019-09|26|WOJ. ŒWIÊTOKRZYSKIE|M|42|3
2019-09|26|WOJ. ŒWIÊTOKRZYSKIE|M|39|1
2019-09|26|WOJ. ŒWIÊTOKRZYSKIE|M|46|2
2019-09|26|WOJ. ŒWIÊTOKRZYSKIE|M|19|63
2019-09|26|WOJ. ŒWIÊTOKRZYSKIE|M|22|5
2019-09|26|WOJ. ŒWIÊTOKRZYSKIE|M|25|5
2019-09|26|WOJ. ŒWIÊTOKRZYSKIE|M|35|3
2019-09|26|WOJ. ŒWIÊTOKRZYSKIE|M|31|6
2019-09|26|WOJ. ŒWIÊTOKRZYSKIE|M|33|4
2019-09|26|WOJ. ŒWIÊTOKRZYSKIE|M|43|4
2019-09|26|WOJ. ŒWIÊTOKRZYSKIE|M|67|1
2019-09|26|WOJ. ŒWIÊTOKRZYSKIE|M|44|1
2019-09|26|WOJ. ŒWIÊTOKRZYSKIE|M|47|1
2019-09|26|WOJ. ŒWIÊTOKRZYSKIE|M|34|2
2019-09|26|WOJ. ŒWIÊTOKRZYSKIE|M|18|309
2019-09|26|WOJ. ŒWIÊTOKRZYSKIE|M|23|3
2019-09|26|WOJ. ŒWIÊTOKRZYSKIE|M|28|2
2019-09|26|WOJ. ŒWIÊTOKRZYSKIE|M|56|1
2019-09|26|WOJ. ŒWIÊTOKRZYSKIE|M|29|2
2019-09|26|WOJ. ŒWIÊTOKRZYSKIE|M|24|5
2019-09|26|WOJ. ŒWIÊTOKRZYSKIE|M|17|3
2019-09|26|WOJ. ŒWIÊTOKRZYSKIE|M|14|16
2019-09|26|WOJ. ŒWIÊTOKRZYSKIE|M|20|18
2019-09|26|WOJ. ŒWIÊTOKRZYSKIE|M|21|10
2019-09|26|WOJ. ŒWIÊTOKRZYSKIE|M|16|24
2019-09|26|WOJ. ŒWIÊTOKRZYSKIE|M|30|4
2019-09|28|WOJ. WARMIÑSKO-MAZURSKIE|K|50|1
2019-09|28|WOJ. WARMIÑSKO-MAZURSKIE|K|44|8
2019-09|28|WOJ. WARMIÑSKO-MAZURSKIE|K|29|11
2019-09|28|WOJ. WARMIÑSKO-MAZURSKIE|K|37|7
2019-09|28|WOJ. WARMIÑSKO-MAZURSKIE|K|17|1
2019-09|28|WOJ. WARMIÑSKO-MAZURSKIE|K|21|21
2019-09|28|WOJ. WARMIÑSKO-MAZURSKIE|K|46|2
2019-09|28|WOJ. WARMIÑSKO-MAZURSKIE|K|18|288
2019-09|28|WOJ. WARMIÑSKO-MAZURSKIE|K|20|33
2019-09|28|WOJ. WARMIÑSKO-MAZURSKIE|K|27|7
2019-09|28|WOJ. WARMIÑSKO-MAZURSKIE|K|16|4
2019-09|28|WOJ. WARMIÑSKO-MAZURSKIE|K|61|1
2019-09|28|WOJ. WARMIÑSKO-MAZURSKIE|K|41|3
2019-09|28|WOJ. WARMIÑSKO-MAZURSKIE|K|19|87
2019-09|28|WOJ. WARMIÑSKO-MAZURSKIE|K|24|13
2019-09|28|WOJ. WARMIÑSKO-MAZURSKIE|K|43|3
2019-09|28|WOJ. WARMIÑSKO-MAZURSKIE|K|31|8
2019-09|28|WOJ. WARMIÑSKO-MAZURSKIE|K|25|11
2019-09|28|WOJ. WARMIÑSKO-MAZURSKIE|K|15|2
2019-09|28|WOJ. WARMIÑSKO-MAZURSKIE|K|52|3
2019-09|28|WOJ. WARMIÑSKO-MAZURSKIE|K|30|8
2019-09|28|WOJ. WARMIÑSKO-MAZURSKIE|K|40|6
2019-09|28|WOJ. WARMIÑSKO-MAZURSKIE|K|26|12
2019-09|28|WOJ. WARMIÑSKO-MAZURSKIE|K|23|21
2019-09|28|WOJ. WARMIÑSKO-MAZURSKIE|K|39|8
2019-09|28|WOJ. WARMIÑSKO-MAZURSKIE|K|22|27
2019-09|28|WOJ. WARMIÑSKO-MAZURSKIE|K|33|8
2019-09|28|WOJ. WARMIÑSKO-MAZURSKIE|K|53|1
2019-09|28|WOJ. WARMIÑSKO-MAZURSKIE|K|34|17
2019-09|28|WOJ. WARMIÑSKO-MAZURSKIE|K|49|3
2019-09|28|WOJ. WARMIÑSKO-MAZURSKIE|K|57|2
2019-09|28|WOJ. WARMIÑSKO-MAZURSKIE|K|48|2
2019-09|28|WOJ. WARMIÑSKO-MAZURSKIE|K|35|9
2019-09|28|WOJ. WARMIÑSKO-MAZURSKIE|K|32|9
2019-09|28|WOJ. WARMIÑSKO-MAZURSKIE|K|47|3
2019-09|28|WOJ. WARMIÑSKO-MAZURSKIE|K|28|14
2019-09|28|WOJ. WARMIÑSKO-MAZURSKIE|K|42|8
2019-09|28|WOJ. WARMIÑSKO-MAZURSKIE|K|38|6
2019-09|28|WOJ. WARMIÑSKO-MAZURSKIE|K|45|4
2019-09|28|WOJ. WARMIÑSKO-MAZURSKIE|K|36|10
2019-09|28|WOJ. WARMIÑSKO-MAZURSKIE|K|14|2
2019-09|28|WOJ. WARMIÑSKO-MAZURSKIE|M|41|3
2019-09|28|WOJ. WARMIÑSKO-MAZURSKIE|M|31|8
2019-09|28|WOJ. WARMIÑSKO-MAZURSKIE|M|33|7
2019-09|28|WOJ. WARMIÑSKO-MAZURSKIE|M|20|23
2019-09|28|WOJ. WARMIÑSKO-MAZURSKIE|M|39|4
2019-09|28|WOJ. WARMIÑSKO-MAZURSKIE|M|65|1
2019-09|28|WOJ. WARMIÑSKO-MAZURSKIE|M|61|1
2019-09|28|WOJ. WARMIÑSKO-MAZURSKIE|M|56|1
2019-09|28|WOJ. WARMIÑSKO-MAZURSKIE|M|54|1
2019-09|28|WOJ. WARMIÑSKO-MAZURSKIE|M|38|2
2019-09|28|WOJ. WARMIÑSKO-MAZURSKIE|M|63|1
2019-09|28|WOJ. WARMIÑSKO-MAZURSKIE|M|45|3
2019-09|28|WOJ. WARMIÑSKO-MAZURSKIE|M|26|10
2019-09|28|WOJ. WARMIÑSKO-MAZURSKIE|M|29|9
2019-09|28|WOJ. WARMIÑSKO-MAZURSKIE|M|21|19
2019-09|28|WOJ. WARMIÑSKO-MAZURSKIE|M|30|3
2019-09|28|WOJ. WARMIÑSKO-MAZURSKIE|M|19|89
2019-09|28|WOJ. WARMIÑSKO-MAZURSKIE|M|16|27
2019-09|28|WOJ. WARMIÑSKO-MAZURSKIE|M|27|6
2019-09|28|WOJ. WARMIÑSKO-MAZURSKIE|M|35|6
2019-09|28|WOJ. WARMIÑSKO-MAZURSKIE|M|25|9
2019-09|28|WOJ. WARMIÑSKO-MAZURSKIE|M|28|5
2019-09|28|WOJ. WARMIÑSKO-MAZURSKIE|M|18|292
2019-09|28|WOJ. WARMIÑSKO-MAZURSKIE|M|15|10
2019-09|28|WOJ. WARMIÑSKO-MAZURSKIE|M|48|2
2019-09|28|WOJ. WARMIÑSKO-MAZURSKIE|M|43|1
2019-09|28|WOJ. WARMIÑSKO-MAZURSKIE|M|37|7
2019-09|28|WOJ. WARMIÑSKO-MAZURSKIE|M|17|11
2019-09|28|WOJ. WARMIÑSKO-MAZURSKIE|M|14|18
2019-09|28|WOJ. WARMIÑSKO-MAZURSKIE|M|32|5
2019-09|28|WOJ. WARMIÑSKO-MAZURSKIE|M|52|1
2019-09|28|WOJ. WARMIÑSKO-MAZURSKIE|M|22|13
2019-09|28|WOJ. WARMIÑSKO-MAZURSKIE|M|24|11
2019-09|28|WOJ. WARMIÑSKO-MAZURSKIE|M|47|2
2019-09|28|WOJ. WARMIÑSKO-MAZURSKIE|M|23|9
2019-09|28|WOJ. WARMIÑSKO-MAZURSKIE|M|34|4
2019-09|28|WOJ. WARMIÑSKO-MAZURSKIE|M|36|7
2019-09|30|WOJ. WIELKOPOLSKIE|K|46|3
2019-09|30|WOJ. WIELKOPOLSKIE|K|49|2
2019-09|30|WOJ. WIELKOPOLSKIE|K|52|5
2019-09|30|WOJ. WIELKOPOLSKIE|K|50|5
2019-09|30|WOJ. WIELKOPOLSKIE|K|32|8
2019-09|30|WOJ. WIELKOPOLSKIE|K|45|3
2019-09|30|WOJ. WIELKOPOLSKIE|K|37|7
2019-09|30|WOJ. WIELKOPOLSKIE|K|66|1
2019-09|30|WOJ. WIELKOPOLSKIE|K|18|917
2019-09|30|WOJ. WIELKOPOLSKIE|K|29|25
2019-09|30|WOJ. WIELKOPOLSKIE|K|48|7
2019-09|30|WOJ. WIELKOPOLSKIE|K|17|4
2019-09|30|WOJ. WIELKOPOLSKIE|K|55|1
2019-09|30|WOJ. WIELKOPOLSKIE|K|47|1
2019-09|30|WOJ. WIELKOPOLSKIE|K|53|2
2019-09|30|WOJ. WIELKOPOLSKIE|K|60|1
2019-09|30|WOJ. WIELKOPOLSKIE|K|23|34
2019-09|30|WOJ. WIELKOPOLSKIE|K|43|7
2019-09|30|WOJ. WIELKOPOLSKIE|K|21|41
2019-09|30|WOJ. WIELKOPOLSKIE|K|22|25
2019-09|30|WOJ. WIELKOPOLSKIE|K|28|20
2019-09|30|WOJ. WIELKOPOLSKIE|K|35|11
2019-09|30|WOJ. WIELKOPOLSKIE|K|57|2
2019-09|30|WOJ. WIELKOPOLSKIE|K|58|1
2019-09|30|WOJ. WIELKOPOLSKIE|K|26|29
2019-09|30|WOJ. WIELKOPOLSKIE|K|27|20
2019-09|30|WOJ. WIELKOPOLSKIE|K|31|13
2019-09|30|WOJ. WIELKOPOLSKIE|K|38|9
2019-09|30|WOJ. WIELKOPOLSKIE|K|42|7
2019-09|30|WOJ. WIELKOPOLSKIE|K|54|6
2019-09|30|WOJ. WIELKOPOLSKIE|K|14|12
2019-09|30|WOJ. WIELKOPOLSKIE|K|36|11
2019-09|30|WOJ. WIELKOPOLSKIE|K|24|26
2019-09|30|WOJ. WIELKOPOLSKIE|K|39|6
2019-09|30|WOJ. WIELKOPOLSKIE|K|30|20
2019-09|30|WOJ. WIELKOPOLSKIE|K|41|5
2019-09|30|WOJ. WIELKOPOLSKIE|K|19|208
2019-09|30|WOJ. WIELKOPOLSKIE|K|16|21
2019-09|30|WOJ. WIELKOPOLSKIE|K|61|1
2019-09|30|WOJ. WIELKOPOLSKIE|K|44|5
2019-09|30|WOJ. WIELKOPOLSKIE|K|20|63
2019-09|30|WOJ. WIELKOPOLSKIE|K|51|1
2019-09|30|WOJ. WIELKOPOLSKIE|K|33|13
2019-09|30|WOJ. WIELKOPOLSKIE|K|40|12
2019-09|30|WOJ. WIELKOPOLSKIE|K|15|19
2019-09|30|WOJ. WIELKOPOLSKIE|K|34|13
2019-09|30|WOJ. WIELKOPOLSKIE|K|56|3
2019-09|30|WOJ. WIELKOPOLSKIE|K|25|27
2019-09|30|WOJ. WIELKOPOLSKIE|M|16|114
2019-09|30|WOJ. WIELKOPOLSKIE|M|23|29
2019-09|30|WOJ. WIELKOPOLSKIE|M|33|12
2019-09|30|WOJ. WIELKOPOLSKIE|M|44|2
2019-09|30|WOJ. WIELKOPOLSKIE|M|39|5
2019-09|30|WOJ. WIELKOPOLSKIE|M|30|10
2019-09|30|WOJ. WIELKOPOLSKIE|M|36|6
2019-09|30|WOJ. WIELKOPOLSKIE|M|37|3
2019-09|30|WOJ. WIELKOPOLSKIE|M|47|1
2019-09|30|WOJ. WIELKOPOLSKIE|M|42|1
2019-09|30|WOJ. WIELKOPOLSKIE|M|63|1
2019-09|30|WOJ. WIELKOPOLSKIE|M|19|172
2019-09|30|WOJ. WIELKOPOLSKIE|M|26|23
2019-09|30|WOJ. WIELKOPOLSKIE|M|43|4
2019-09|30|WOJ. WIELKOPOLSKIE|M|15|66
2019-09|30|WOJ. WIELKOPOLSKIE|M|46|2
2019-09|30|WOJ. WIELKOPOLSKIE|M|18|870
2019-09|30|WOJ. WIELKOPOLSKIE|M|25|17
2019-09|30|WOJ. WIELKOPOLSKIE|M|17|34
2019-09|30|WOJ. WIELKOPOLSKIE|M|14|86
2019-09|30|WOJ. WIELKOPOLSKIE|M|27|18
2019-09|30|WOJ. WIELKOPOLSKIE|M|35|8
2019-09|30|WOJ. WIELKOPOLSKIE|M|34|10
2019-09|30|WOJ. WIELKOPOLSKIE|M|48|2
2019-09|30|WOJ. WIELKOPOLSKIE|M|49|1
2019-09|30|WOJ. WIELKOPOLSKIE|M|55|1
2019-09|30|WOJ. WIELKOPOLSKIE|M|38|5
2019-09|30|WOJ. WIELKOPOLSKIE|M|20|60
2019-09|30|WOJ. WIELKOPOLSKIE|M|28|20
2019-09|30|WOJ. WIELKOPOLSKIE|M|40|4
2019-09|30|WOJ. WIELKOPOLSKIE|M|31|10
2019-09|30|WOJ. WIELKOPOLSKIE|M|21|32
2019-09|30|WOJ. WIELKOPOLSKIE|M|41|3
2019-09|30|WOJ. WIELKOPOLSKIE|M|29|9
2019-09|30|WOJ. WIELKOPOLSKIE|M|24|29
2019-09|30|WOJ. WIELKOPOLSKIE|M|22|28
2019-09|30|WOJ. WIELKOPOLSKIE|M|32|13
2019-09|30|WOJ. WIELKOPOLSKIE|M|45|2
2019-09|32|WOJ. ZACHODNIOPOMORSKIE|K|14|1
2019-09|32|WOJ. ZACHODNIOPOMORSKIE|K|21|23
2019-09|32|WOJ. ZACHODNIOPOMORSKIE|K|65|1
2019-09|32|WOJ. ZACHODNIOPOMORSKIE|K|24|18
2019-09|32|WOJ. ZACHODNIOPOMORSKIE|K|45|4
2019-09|32|WOJ. ZACHODNIOPOMORSKIE|K|47|3
2019-09|32|WOJ. ZACHODNIOPOMORSKIE|K|58|1
2019-09|32|WOJ. ZACHODNIOPOMORSKIE|K|16|1
2019-09|32|WOJ. ZACHODNIOPOMORSKIE|K|23|21
2019-09|32|WOJ. ZACHODNIOPOMORSKIE|K|26|17
2019-09|32|WOJ. ZACHODNIOPOMORSKIE|K|15|2
2019-09|32|WOJ. ZACHODNIOPOMORSKIE|K|41|3
2019-09|32|WOJ. ZACHODNIOPOMORSKIE|K|46|1
2019-09|32|WOJ. ZACHODNIOPOMORSKIE|K|22|15
2019-09|32|WOJ. ZACHODNIOPOMORSKIE|K|30|10
2019-09|32|WOJ. ZACHODNIOPOMORSKIE|K|31|11
2019-09|32|WOJ. ZACHODNIOPOMORSKIE|K|28|10
2019-09|32|WOJ. ZACHODNIOPOMORSKIE|K|49|1
2019-09|32|WOJ. ZACHODNIOPOMORSKIE|K|44|5
2019-09|32|WOJ. ZACHODNIOPOMORSKIE|K|60|1
2019-09|32|WOJ. ZACHODNIOPOMORSKIE|K|52|1
2019-09|32|WOJ. ZACHODNIOPOMORSKIE|K|39|5
2019-09|32|WOJ. ZACHODNIOPOMORSKIE|K|19|103
2019-09|32|WOJ. ZACHODNIOPOMORSKIE|K|38|6
2019-09|32|WOJ. ZACHODNIOPOMORSKIE|K|43|4
2019-09|32|WOJ. ZACHODNIOPOMORSKIE|K|35|7
2019-09|32|WOJ. ZACHODNIOPOMORSKIE|K|36|6
2019-09|32|WOJ. ZACHODNIOPOMORSKIE|K|72|1
2019-09|32|WOJ. ZACHODNIOPOMORSKIE|K|33|11
2019-09|32|WOJ. ZACHODNIOPOMORSKIE|K|50|2
2019-09|32|WOJ. ZACHODNIOPOMORSKIE|K|54|2
2019-09|32|WOJ. ZACHODNIOPOMORSKIE|K|42|10
2019-09|32|WOJ. ZACHODNIOPOMORSKIE|K|18|210
2019-09|32|WOJ. ZACHODNIOPOMORSKIE|K|27|20
2019-09|32|WOJ. ZACHODNIOPOMORSKIE|K|29|15
2019-09|32|WOJ. ZACHODNIOPOMORSKIE|K|25|17
2019-09|32|WOJ. ZACHODNIOPOMORSKIE|K|20|35
2019-09|32|WOJ. ZACHODNIOPOMORSKIE|K|55|1
2019-09|32|WOJ. ZACHODNIOPOMORSKIE|K|53|1
2019-09|32|WOJ. ZACHODNIOPOMORSKIE|K|63|1
2019-09|32|WOJ. ZACHODNIOPOMORSKIE|K|32|9
2019-09|32|WOJ. ZACHODNIOPOMORSKIE|K|37|11
2019-09|32|WOJ. ZACHODNIOPOMORSKIE|K|34|8
2019-09|32|WOJ. ZACHODNIOPOMORSKIE|K|40|4
2019-09|32|WOJ. ZACHODNIOPOMORSKIE|K|48|4
2019-09|32|WOJ. ZACHODNIOPOMORSKIE|K|57|2
2019-09|32|WOJ. ZACHODNIOPOMORSKIE|M|19|84
2019-09|32|WOJ. ZACHODNIOPOMORSKIE|M|44|1
2019-09|32|WOJ. ZACHODNIOPOMORSKIE|M|54|1
2019-09|32|WOJ. ZACHODNIOPOMORSKIE|M|34|9
2019-09|32|WOJ. ZACHODNIOPOMORSKIE|M|35|3
2019-09|32|WOJ. ZACHODNIOPOMORSKIE|M|22|14
2019-09|32|WOJ. ZACHODNIOPOMORSKIE|M|45|2
2019-09|32|WOJ. ZACHODNIOPOMORSKIE|M|46|1
2019-09|32|WOJ. ZACHODNIOPOMORSKIE|M|21|16
2019-09|32|WOJ. ZACHODNIOPOMORSKIE|M|32|7
2019-09|32|WOJ. ZACHODNIOPOMORSKIE|M|25|16
2019-09|32|WOJ. ZACHODNIOPOMORSKIE|M|37|3
2019-09|32|WOJ. ZACHODNIOPOMORSKIE|M|30|11
2019-09|32|WOJ. ZACHODNIOPOMORSKIE|M|36|2
2019-09|32|WOJ. ZACHODNIOPOMORSKIE|M|38|5
2019-09|32|WOJ. ZACHODNIOPOMORSKIE|M|40|2
2019-09|32|WOJ. ZACHODNIOPOMORSKIE|M|48|1
2019-09|32|WOJ. ZACHODNIOPOMORSKIE|M|16|10
2019-09|32|WOJ. ZACHODNIOPOMORSKIE|M|39|3
2019-09|32|WOJ. ZACHODNIOPOMORSKIE|M|43|4
2019-09|32|WOJ. ZACHODNIOPOMORSKIE|M|14|14
2019-09|32|WOJ. ZACHODNIOPOMORSKIE|M|57|1
2019-09|32|WOJ. ZACHODNIOPOMORSKIE|M|33|10
2019-09|32|WOJ. ZACHODNIOPOMORSKIE|M|53|1
2019-09|32|WOJ. ZACHODNIOPOMORSKIE|M|24|28
2019-09|32|WOJ. ZACHODNIOPOMORSKIE|M|26|8
2019-09|32|WOJ. ZACHODNIOPOMORSKIE|M|69|1
2019-09|32|WOJ. ZACHODNIOPOMORSKIE|M|15|7
2019-09|32|WOJ. ZACHODNIOPOMORSKIE|M|18|270
2019-09|32|WOJ. ZACHODNIOPOMORSKIE|M|23|16
2019-09|32|WOJ. ZACHODNIOPOMORSKIE|M|31|9
2019-09|32|WOJ. ZACHODNIOPOMORSKIE|M|47|3
2019-09|32|WOJ. ZACHODNIOPOMORSKIE|M|42|3
2019-09|32|WOJ. ZACHODNIOPOMORSKIE|M|41|1
2019-09|32|WOJ. ZACHODNIOPOMORSKIE|M|27|11
2019-09|32|WOJ. ZACHODNIOPOMORSKIE|M|20|32
2019-09|32|WOJ. ZACHODNIOPOMORSKIE|M|29|14
2019-09|32|WOJ. ZACHODNIOPOMORSKIE|M|28|14
2019-09|32|WOJ. ZACHODNIOPOMORSKIE|M|17|4
