DATA_MC|KOD_WOJ|WOJEWODZTWO|PLEC|WIEK|LICZBA
2022-03|02|WOJ. DOLNOŒL¥SKIE|K|45|8
2022-03|02|WOJ. DOLNOŒL¥SKIE|K|24|30
2022-03|02|WOJ. DOLNOŒL¥SKIE|K|20|99
2022-03|02|WOJ. DOLNOŒL¥SKIE|K|29|25
2022-03|02|WOJ. DOLNOŒL¥SKIE|K|63|2
2022-03|02|WOJ. DOLNOŒL¥SKIE|K|46|4
2022-03|02|WOJ. DOLNOŒL¥SKIE|K|54|4
2022-03|02|WOJ. DOLNOŒL¥SKIE|K|36|17
2022-03|02|WOJ. DOLNOŒL¥SKIE|K|61|2
2022-03|02|WOJ. DOLNOŒL¥SKIE|K|33|31
2022-03|02|WOJ. DOLNOŒL¥SKIE|K|52|5
2022-03|02|WOJ. DOLNOŒL¥SKIE|K|25|40
2022-03|02|WOJ. DOLNOŒL¥SKIE|K|50|10
2022-03|02|WOJ. DOLNOŒL¥SKIE|K|31|41
2022-03|02|WOJ. DOLNOŒL¥SKIE|K|57|3
2022-03|02|WOJ. DOLNOŒL¥SKIE|K|22|47
2022-03|02|WOJ. DOLNOŒL¥SKIE|K|39|8
2022-03|02|WOJ. DOLNOŒL¥SKIE|K|51|1
2022-03|02|WOJ. DOLNOŒL¥SKIE|K|37|17
2022-03|02|WOJ. DOLNOŒL¥SKIE|K|28|26
2022-03|02|WOJ. DOLNOŒL¥SKIE|K|44|15
2022-03|02|WOJ. DOLNOŒL¥SKIE|K|23|35
2022-03|02|WOJ. DOLNOŒL¥SKIE|K|30|20
2022-03|02|WOJ. DOLNOŒL¥SKIE|K|35|19
2022-03|02|WOJ. DOLNOŒL¥SKIE|K|40|7
2022-03|02|WOJ. DOLNOŒL¥SKIE|K|26|37
2022-03|02|WOJ. DOLNOŒL¥SKIE|K|32|21
2022-03|02|WOJ. DOLNOŒL¥SKIE|K|34|19
2022-03|02|WOJ. DOLNOŒL¥SKIE|K|59|1
2022-03|02|WOJ. DOLNOŒL¥SKIE|K|60|1
2022-03|02|WOJ. DOLNOŒL¥SKIE|K|47|9
2022-03|02|WOJ. DOLNOŒL¥SKIE|K|18|148
2022-03|02|WOJ. DOLNOŒL¥SKIE|K|38|14
2022-03|02|WOJ. DOLNOŒL¥SKIE|K|41|8
2022-03|02|WOJ. DOLNOŒL¥SKIE|K|53|6
2022-03|02|WOJ. DOLNOŒL¥SKIE|K|79|1
2022-03|02|WOJ. DOLNOŒL¥SKIE|K|58|2
2022-03|02|WOJ. DOLNOŒL¥SKIE|K|84|1
2022-03|02|WOJ. DOLNOŒL¥SKIE|K|21|51
2022-03|02|WOJ. DOLNOŒL¥SKIE|K|42|13
2022-03|02|WOJ. DOLNOŒL¥SKIE|K|49|4
2022-03|02|WOJ. DOLNOŒL¥SKIE|K|55|4
2022-03|02|WOJ. DOLNOŒL¥SKIE|K|56|5
2022-03|02|WOJ. DOLNOŒL¥SKIE|K|27|41
2022-03|02|WOJ. DOLNOŒL¥SKIE|K|19|371
2022-03|02|WOJ. DOLNOŒL¥SKIE|K|48|5
2022-03|02|WOJ. DOLNOŒL¥SKIE|K|67|1
2022-03|02|WOJ. DOLNOŒL¥SKIE|K|17|1
2022-03|02|WOJ. DOLNOŒL¥SKIE|K|43|9
2022-03|02|WOJ. DOLNOŒL¥SKIE|M|36|7
2022-03|02|WOJ. DOLNOŒL¥SKIE|M|23|23
2022-03|02|WOJ. DOLNOŒL¥SKIE|M|29|10
2022-03|02|WOJ. DOLNOŒL¥SKIE|M|31|18
2022-03|02|WOJ. DOLNOŒL¥SKIE|M|20|112
2022-03|02|WOJ. DOLNOŒL¥SKIE|M|41|8
2022-03|02|WOJ. DOLNOŒL¥SKIE|M|26|26
2022-03|02|WOJ. DOLNOŒL¥SKIE|M|50|3
2022-03|02|WOJ. DOLNOŒL¥SKIE|M|19|417
2022-03|02|WOJ. DOLNOŒL¥SKIE|M|22|38
2022-03|02|WOJ. DOLNOŒL¥SKIE|M|24|29
2022-03|02|WOJ. DOLNOŒL¥SKIE|M|34|13
2022-03|02|WOJ. DOLNOŒL¥SKIE|M|27|23
2022-03|02|WOJ. DOLNOŒL¥SKIE|M|39|8
2022-03|02|WOJ. DOLNOŒL¥SKIE|M|49|5
2022-03|02|WOJ. DOLNOŒL¥SKIE|M|37|12
2022-03|02|WOJ. DOLNOŒL¥SKIE|M|45|3
2022-03|02|WOJ. DOLNOŒL¥SKIE|M|21|79
2022-03|02|WOJ. DOLNOŒL¥SKIE|M|28|24
2022-03|02|WOJ. DOLNOŒL¥SKIE|M|52|2
2022-03|02|WOJ. DOLNOŒL¥SKIE|M|18|236
2022-03|02|WOJ. DOLNOŒL¥SKIE|M|35|20
2022-03|02|WOJ. DOLNOŒL¥SKIE|M|30|19
2022-03|02|WOJ. DOLNOŒL¥SKIE|M|47|5
2022-03|02|WOJ. DOLNOŒL¥SKIE|M|44|5
2022-03|02|WOJ. DOLNOŒL¥SKIE|M|48|3
2022-03|02|WOJ. DOLNOŒL¥SKIE|M|43|4
2022-03|02|WOJ. DOLNOŒL¥SKIE|M|46|4
2022-03|02|WOJ. DOLNOŒL¥SKIE|M|61|2
2022-03|02|WOJ. DOLNOŒL¥SKIE|M|25|24
2022-03|02|WOJ. DOLNOŒL¥SKIE|M|16|3
2022-03|02|WOJ. DOLNOŒL¥SKIE|M|32|9
2022-03|02|WOJ. DOLNOŒL¥SKIE|M|51|3
2022-03|02|WOJ. DOLNOŒL¥SKIE|M|33|13
2022-03|02|WOJ. DOLNOŒL¥SKIE|M|38|15
2022-03|02|WOJ. DOLNOŒL¥SKIE|M|40|6
2022-03|02|WOJ. DOLNOŒL¥SKIE|M|42|7
2022-03|02|WOJ. DOLNOŒL¥SKIE|M|15|2
2022-03|02|WOJ. DOLNOŒL¥SKIE|M|17|13
2022-03|02|WOJ. DOLNOŒL¥SKIE|M|59|1
2022-03|04|WOJ. KUJAWSKO-POMORSKIE|K|22|25
2022-03|04|WOJ. KUJAWSKO-POMORSKIE|K|44|2
2022-03|04|WOJ. KUJAWSKO-POMORSKIE|K|41|9
2022-03|04|WOJ. KUJAWSKO-POMORSKIE|K|27|20
2022-03|04|WOJ. KUJAWSKO-POMORSKIE|K|26|15
2022-03|04|WOJ. KUJAWSKO-POMORSKIE|K|17|2
2022-03|04|WOJ. KUJAWSKO-POMORSKIE|K|36|9
2022-03|04|WOJ. KUJAWSKO-POMORSKIE|K|53|1
2022-03|04|WOJ. KUJAWSKO-POMORSKIE|K|61|3
2022-03|04|WOJ. KUJAWSKO-POMORSKIE|K|57|1
2022-03|04|WOJ. KUJAWSKO-POMORSKIE|K|32|9
2022-03|04|WOJ. KUJAWSKO-POMORSKIE|K|16|1
2022-03|04|WOJ. KUJAWSKO-POMORSKIE|K|64|1
2022-03|04|WOJ. KUJAWSKO-POMORSKIE|K|19|302
2022-03|04|WOJ. KUJAWSKO-POMORSKIE|K|18|144
2022-03|04|WOJ. KUJAWSKO-POMORSKIE|K|21|26
2022-03|04|WOJ. KUJAWSKO-POMORSKIE|K|24|18
2022-03|04|WOJ. KUJAWSKO-POMORSKIE|K|50|3
2022-03|04|WOJ. KUJAWSKO-POMORSKIE|K|62|1
2022-03|04|WOJ. KUJAWSKO-POMORSKIE|K|54|1
2022-03|04|WOJ. KUJAWSKO-POMORSKIE|K|63|1
2022-03|04|WOJ. KUJAWSKO-POMORSKIE|K|30|19
2022-03|04|WOJ. KUJAWSKO-POMORSKIE|K|33|8
2022-03|04|WOJ. KUJAWSKO-POMORSKIE|K|43|5
2022-03|04|WOJ. KUJAWSKO-POMORSKIE|K|37|11
2022-03|04|WOJ. KUJAWSKO-POMORSKIE|K|23|9
2022-03|04|WOJ. KUJAWSKO-POMORSKIE|K|35|13
2022-03|04|WOJ. KUJAWSKO-POMORSKIE|K|28|21
2022-03|04|WOJ. KUJAWSKO-POMORSKIE|K|52|1
2022-03|04|WOJ. KUJAWSKO-POMORSKIE|K|34|17
2022-03|04|WOJ. KUJAWSKO-POMORSKIE|K|31|21
2022-03|04|WOJ. KUJAWSKO-POMORSKIE|K|20|65
2022-03|04|WOJ. KUJAWSKO-POMORSKIE|K|38|13
2022-03|04|WOJ. KUJAWSKO-POMORSKIE|K|29|6
2022-03|04|WOJ. KUJAWSKO-POMORSKIE|K|39|11
2022-03|04|WOJ. KUJAWSKO-POMORSKIE|K|45|5
2022-03|04|WOJ. KUJAWSKO-POMORSKIE|K|25|19
2022-03|04|WOJ. KUJAWSKO-POMORSKIE|K|60|1
2022-03|04|WOJ. KUJAWSKO-POMORSKIE|K|48|3
2022-03|04|WOJ. KUJAWSKO-POMORSKIE|K|56|2
2022-03|04|WOJ. KUJAWSKO-POMORSKIE|K|46|2
2022-03|04|WOJ. KUJAWSKO-POMORSKIE|K|55|3
2022-03|04|WOJ. KUJAWSKO-POMORSKIE|K|42|3
2022-03|04|WOJ. KUJAWSKO-POMORSKIE|K|47|3
2022-03|04|WOJ. KUJAWSKO-POMORSKIE|K|51|3
2022-03|04|WOJ. KUJAWSKO-POMORSKIE|K|49|2
2022-03|04|WOJ. KUJAWSKO-POMORSKIE|K|40|5
2022-03|04|WOJ. KUJAWSKO-POMORSKIE|M|36|4
2022-03|04|WOJ. KUJAWSKO-POMORSKIE|M|18|179
2022-03|04|WOJ. KUJAWSKO-POMORSKIE|M|32|10
2022-03|04|WOJ. KUJAWSKO-POMORSKIE|M|45|6
2022-03|04|WOJ. KUJAWSKO-POMORSKIE|M|48|4
2022-03|04|WOJ. KUJAWSKO-POMORSKIE|M|38|4
2022-03|04|WOJ. KUJAWSKO-POMORSKIE|M|16|4
2022-03|04|WOJ. KUJAWSKO-POMORSKIE|M|44|2
2022-03|04|WOJ. KUJAWSKO-POMORSKIE|M|41|9
2022-03|04|WOJ. KUJAWSKO-POMORSKIE|M|49|3
2022-03|04|WOJ. KUJAWSKO-POMORSKIE|M|53|2
2022-03|04|WOJ. KUJAWSKO-POMORSKIE|M|23|15
2022-03|04|WOJ. KUJAWSKO-POMORSKIE|M|40|7
2022-03|04|WOJ. KUJAWSKO-POMORSKIE|M|26|13
2022-03|04|WOJ. KUJAWSKO-POMORSKIE|M|27|9
2022-03|04|WOJ. KUJAWSKO-POMORSKIE|M|33|9
2022-03|04|WOJ. KUJAWSKO-POMORSKIE|M|30|13
2022-03|04|WOJ. KUJAWSKO-POMORSKIE|M|24|12
2022-03|04|WOJ. KUJAWSKO-POMORSKIE|M|54|1
2022-03|04|WOJ. KUJAWSKO-POMORSKIE|M|34|6
2022-03|04|WOJ. KUJAWSKO-POMORSKIE|M|29|11
2022-03|04|WOJ. KUJAWSKO-POMORSKIE|M|35|3
2022-03|04|WOJ. KUJAWSKO-POMORSKIE|M|20|62
2022-03|04|WOJ. KUJAWSKO-POMORSKIE|M|47|2
2022-03|04|WOJ. KUJAWSKO-POMORSKIE|M|52|2
2022-03|04|WOJ. KUJAWSKO-POMORSKIE|M|19|302
2022-03|04|WOJ. KUJAWSKO-POMORSKIE|M|28|15
2022-03|04|WOJ. KUJAWSKO-POMORSKIE|M|39|8
2022-03|04|WOJ. KUJAWSKO-POMORSKIE|M|31|9
2022-03|04|WOJ. KUJAWSKO-POMORSKIE|M|46|4
2022-03|04|WOJ. KUJAWSKO-POMORSKIE|M|21|32
2022-03|04|WOJ. KUJAWSKO-POMORSKIE|M|17|15
2022-03|04|WOJ. KUJAWSKO-POMORSKIE|M|22|16
2022-03|04|WOJ. KUJAWSKO-POMORSKIE|M|60|1
2022-03|04|WOJ. KUJAWSKO-POMORSKIE|M|42|2
2022-03|04|WOJ. KUJAWSKO-POMORSKIE|M|43|2
2022-03|04|WOJ. KUJAWSKO-POMORSKIE|M|55|1
2022-03|04|WOJ. KUJAWSKO-POMORSKIE|M|59|1
2022-03|04|WOJ. KUJAWSKO-POMORSKIE|M|37|7
2022-03|04|WOJ. KUJAWSKO-POMORSKIE|M|25|9
2022-03|06|WOJ. LUBELSKIE|K|59|2
2022-03|06|WOJ. LUBELSKIE|K|62|1
2022-03|06|WOJ. LUBELSKIE|K|18|290
2022-03|06|WOJ. LUBELSKIE|K|38|14
2022-03|06|WOJ. LUBELSKIE|K|28|9
2022-03|06|WOJ. LUBELSKIE|K|23|18
2022-03|06|WOJ. LUBELSKIE|K|60|1
2022-03|06|WOJ. LUBELSKIE|K|47|4
2022-03|06|WOJ. LUBELSKIE|K|42|7
2022-03|06|WOJ. LUBELSKIE|K|21|36
2022-03|06|WOJ. LUBELSKIE|K|41|11
2022-03|06|WOJ. LUBELSKIE|K|63|2
2022-03|06|WOJ. LUBELSKIE|K|54|4
2022-03|06|WOJ. LUBELSKIE|K|44|4
2022-03|06|WOJ. LUBELSKIE|K|49|4
2022-03|06|WOJ. LUBELSKIE|K|40|8
2022-03|06|WOJ. LUBELSKIE|K|46|5
2022-03|06|WOJ. LUBELSKIE|K|31|9
2022-03|06|WOJ. LUBELSKIE|K|37|10
2022-03|06|WOJ. LUBELSKIE|K|58|2
2022-03|06|WOJ. LUBELSKIE|K|50|5
2022-03|06|WOJ. LUBELSKIE|K|52|3
2022-03|06|WOJ. LUBELSKIE|K|45|4
2022-03|06|WOJ. LUBELSKIE|K|33|15
2022-03|06|WOJ. LUBELSKIE|K|29|13
2022-03|06|WOJ. LUBELSKIE|K|32|17
2022-03|06|WOJ. LUBELSKIE|K|30|17
2022-03|06|WOJ. LUBELSKIE|K|39|3
2022-03|06|WOJ. LUBELSKIE|K|34|5
2022-03|06|WOJ. LUBELSKIE|K|53|2
2022-03|06|WOJ. LUBELSKIE|K|36|8
2022-03|06|WOJ. LUBELSKIE|K|56|2
2022-03|06|WOJ. LUBELSKIE|K|26|23
2022-03|06|WOJ. LUBELSKIE|K|19|228
2022-03|06|WOJ. LUBELSKIE|K|20|46
2022-03|06|WOJ. LUBELSKIE|K|43|5
2022-03|06|WOJ. LUBELSKIE|K|22|23
2022-03|06|WOJ. LUBELSKIE|K|24|13
2022-03|06|WOJ. LUBELSKIE|K|25|15
2022-03|06|WOJ. LUBELSKIE|K|61|1
2022-03|06|WOJ. LUBELSKIE|K|27|14
2022-03|06|WOJ. LUBELSKIE|K|48|4
2022-03|06|WOJ. LUBELSKIE|K|35|9
2022-03|06|WOJ. LUBELSKIE|K|51|3
2022-03|06|WOJ. LUBELSKIE|M|46|4
2022-03|06|WOJ. LUBELSKIE|M|55|1
2022-03|06|WOJ. LUBELSKIE|M|34|10
2022-03|06|WOJ. LUBELSKIE|M|17|20
2022-03|06|WOJ. LUBELSKIE|M|24|14
2022-03|06|WOJ. LUBELSKIE|M|20|57
2022-03|06|WOJ. LUBELSKIE|M|42|1
2022-03|06|WOJ. LUBELSKIE|M|43|5
2022-03|06|WOJ. LUBELSKIE|M|33|11
2022-03|06|WOJ. LUBELSKIE|M|16|6
2022-03|06|WOJ. LUBELSKIE|M|36|5
2022-03|06|WOJ. LUBELSKIE|M|28|11
2022-03|06|WOJ. LUBELSKIE|M|45|1
2022-03|06|WOJ. LUBELSKIE|M|44|1
2022-03|06|WOJ. LUBELSKIE|M|53|1
2022-03|06|WOJ. LUBELSKIE|M|18|334
2022-03|06|WOJ. LUBELSKIE|M|29|8
2022-03|06|WOJ. LUBELSKIE|M|26|14
2022-03|06|WOJ. LUBELSKIE|M|22|23
2022-03|06|WOJ. LUBELSKIE|M|48|4
2022-03|06|WOJ. LUBELSKIE|M|56|2
2022-03|06|WOJ. LUBELSKIE|M|39|5
2022-03|06|WOJ. LUBELSKIE|M|64|1
2022-03|06|WOJ. LUBELSKIE|M|51|1
2022-03|06|WOJ. LUBELSKIE|M|19|260
2022-03|06|WOJ. LUBELSKIE|M|27|15
2022-03|06|WOJ. LUBELSKIE|M|23|22
2022-03|06|WOJ. LUBELSKIE|M|40|5
2022-03|06|WOJ. LUBELSKIE|M|37|7
2022-03|06|WOJ. LUBELSKIE|M|32|12
2022-03|06|WOJ. LUBELSKIE|M|35|11
2022-03|06|WOJ. LUBELSKIE|M|50|1
2022-03|06|WOJ. LUBELSKIE|M|38|6
2022-03|06|WOJ. LUBELSKIE|M|31|10
2022-03|06|WOJ. LUBELSKIE|M|25|11
2022-03|06|WOJ. LUBELSKIE|M|41|6
2022-03|06|WOJ. LUBELSKIE|M|52|1
2022-03|06|WOJ. LUBELSKIE|M|21|36
2022-03|06|WOJ. LUBELSKIE|M|30|16
2022-03|08|WOJ. LUBUSKIE|K|42|5
2022-03|08|WOJ. LUBUSKIE|K|20|39
2022-03|08|WOJ. LUBUSKIE|K|21|17
2022-03|08|WOJ. LUBUSKIE|K|32|12
2022-03|08|WOJ. LUBUSKIE|K|48|3
2022-03|08|WOJ. LUBUSKIE|K|55|1
2022-03|08|WOJ. LUBUSKIE|K|39|6
2022-03|08|WOJ. LUBUSKIE|K|54|1
2022-03|08|WOJ. LUBUSKIE|K|47|3
2022-03|08|WOJ. LUBUSKIE|K|37|3
2022-03|08|WOJ. LUBUSKIE|K|35|4
2022-03|08|WOJ. LUBUSKIE|K|49|2
2022-03|08|WOJ. LUBUSKIE|K|43|1
2022-03|08|WOJ. LUBUSKIE|K|19|134
2022-03|08|WOJ. LUBUSKIE|K|52|2
2022-03|08|WOJ. LUBUSKIE|K|38|3
2022-03|08|WOJ. LUBUSKIE|K|26|10
2022-03|08|WOJ. LUBUSKIE|K|24|8
2022-03|08|WOJ. LUBUSKIE|K|33|3
2022-03|08|WOJ. LUBUSKIE|K|36|4
2022-03|08|WOJ. LUBUSKIE|K|44|2
2022-03|08|WOJ. LUBUSKIE|K|23|5
2022-03|08|WOJ. LUBUSKIE|K|41|1
2022-03|08|WOJ. LUBUSKIE|K|40|5
2022-03|08|WOJ. LUBUSKIE|K|53|1
2022-03|08|WOJ. LUBUSKIE|K|31|10
2022-03|08|WOJ. LUBUSKIE|K|29|9
2022-03|08|WOJ. LUBUSKIE|K|50|2
2022-03|08|WOJ. LUBUSKIE|K|28|9
2022-03|08|WOJ. LUBUSKIE|K|27|8
2022-03|08|WOJ. LUBUSKIE|K|56|1
2022-03|08|WOJ. LUBUSKIE|K|30|5
2022-03|08|WOJ. LUBUSKIE|K|46|1
2022-03|08|WOJ. LUBUSKIE|K|45|3
2022-03|08|WOJ. LUBUSKIE|K|34|2
2022-03|08|WOJ. LUBUSKIE|K|25|7
2022-03|08|WOJ. LUBUSKIE|K|18|65
2022-03|08|WOJ. LUBUSKIE|K|22|13
2022-03|08|WOJ. LUBUSKIE|M|27|9
2022-03|08|WOJ. LUBUSKIE|M|18|100
2022-03|08|WOJ. LUBUSKIE|M|23|6
2022-03|08|WOJ. LUBUSKIE|M|19|166
2022-03|08|WOJ. LUBUSKIE|M|45|2
2022-03|08|WOJ. LUBUSKIE|M|42|2
2022-03|08|WOJ. LUBUSKIE|M|36|4
2022-03|08|WOJ. LUBUSKIE|M|21|11
2022-03|08|WOJ. LUBUSKIE|M|31|8
2022-03|08|WOJ. LUBUSKIE|M|25|9
2022-03|08|WOJ. LUBUSKIE|M|34|4
2022-03|08|WOJ. LUBUSKIE|M|51|2
2022-03|08|WOJ. LUBUSKIE|M|30|1
2022-03|08|WOJ. LUBUSKIE|M|59|1
2022-03|08|WOJ. LUBUSKIE|M|49|1
2022-03|08|WOJ. LUBUSKIE|M|37|9
2022-03|08|WOJ. LUBUSKIE|M|17|5
2022-03|08|WOJ. LUBUSKIE|M|44|3
2022-03|08|WOJ. LUBUSKIE|M|33|4
2022-03|08|WOJ. LUBUSKIE|M|29|5
2022-03|08|WOJ. LUBUSKIE|M|38|4
2022-03|08|WOJ. LUBUSKIE|M|62|1
2022-03|08|WOJ. LUBUSKIE|M|32|7
2022-03|08|WOJ. LUBUSKIE|M|22|7
2022-03|08|WOJ. LUBUSKIE|M|39|3
2022-03|08|WOJ. LUBUSKIE|M|40|3
2022-03|08|WOJ. LUBUSKIE|M|24|6
2022-03|08|WOJ. LUBUSKIE|M|20|36
2022-03|08|WOJ. LUBUSKIE|M|28|11
2022-03|08|WOJ. LUBUSKIE|M|47|1
2022-03|08|WOJ. LUBUSKIE|M|43|1
2022-03|08|WOJ. LUBUSKIE|M|26|4
2022-03|08|WOJ. LUBUSKIE|M|35|3
2022-03|08|WOJ. LUBUSKIE|M|56|1
2022-03|10|WOJ. £ÓDZKIE|K|37|8
2022-03|10|WOJ. £ÓDZKIE|K|23|12
2022-03|10|WOJ. £ÓDZKIE|K|31|13
2022-03|10|WOJ. £ÓDZKIE|K|56|4
2022-03|10|WOJ. £ÓDZKIE|K|40|6
2022-03|10|WOJ. £ÓDZKIE|K|21|31
2022-03|10|WOJ. £ÓDZKIE|K|36|12
2022-03|10|WOJ. £ÓDZKIE|K|45|5
2022-03|10|WOJ. £ÓDZKIE|K|35|5
2022-03|10|WOJ. £ÓDZKIE|K|55|2
2022-03|10|WOJ. £ÓDZKIE|K|54|1
2022-03|10|WOJ. £ÓDZKIE|K|59|1
2022-03|10|WOJ. £ÓDZKIE|K|27|27
2022-03|10|WOJ. £ÓDZKIE|K|53|4
2022-03|10|WOJ. £ÓDZKIE|K|58|3
2022-03|10|WOJ. £ÓDZKIE|K|16|2
2022-03|10|WOJ. £ÓDZKIE|K|19|301
2022-03|10|WOJ. £ÓDZKIE|K|33|19
2022-03|10|WOJ. £ÓDZKIE|K|60|3
2022-03|10|WOJ. £ÓDZKIE|K|44|5
2022-03|10|WOJ. £ÓDZKIE|K|43|4
2022-03|10|WOJ. £ÓDZKIE|K|17|1
2022-03|10|WOJ. £ÓDZKIE|K|64|1
2022-03|10|WOJ. £ÓDZKIE|K|62|1
2022-03|10|WOJ. £ÓDZKIE|K|42|7
2022-03|10|WOJ. £ÓDZKIE|K|24|12
2022-03|10|WOJ. £ÓDZKIE|K|18|247
2022-03|10|WOJ. £ÓDZKIE|K|34|10
2022-03|10|WOJ. £ÓDZKIE|K|28|17
2022-03|10|WOJ. £ÓDZKIE|K|29|19
2022-03|10|WOJ. £ÓDZKIE|K|39|10
2022-03|10|WOJ. £ÓDZKIE|K|52|3
2022-03|10|WOJ. £ÓDZKIE|K|26|13
2022-03|10|WOJ. £ÓDZKIE|K|48|7
2022-03|10|WOJ. £ÓDZKIE|K|50|3
2022-03|10|WOJ. £ÓDZKIE|K|63|2
2022-03|10|WOJ. £ÓDZKIE|K|25|21
2022-03|10|WOJ. £ÓDZKIE|K|32|18
2022-03|10|WOJ. £ÓDZKIE|K|30|11
2022-03|10|WOJ. £ÓDZKIE|K|38|10
2022-03|10|WOJ. £ÓDZKIE|K|57|3
2022-03|10|WOJ. £ÓDZKIE|K|41|5
2022-03|10|WOJ. £ÓDZKIE|K|46|5
2022-03|10|WOJ. £ÓDZKIE|K|20|80
2022-03|10|WOJ. £ÓDZKIE|K|22|18
2022-03|10|WOJ. £ÓDZKIE|K|47|4
2022-03|10|WOJ. £ÓDZKIE|M|35|7
2022-03|10|WOJ. £ÓDZKIE|M|39|2
2022-03|10|WOJ. £ÓDZKIE|M|60|1
2022-03|10|WOJ. £ÓDZKIE|M|34|10
2022-03|10|WOJ. £ÓDZKIE|M|36|4
2022-03|10|WOJ. £ÓDZKIE|M|58|1
2022-03|10|WOJ. £ÓDZKIE|M|59|1
2022-03|10|WOJ. £ÓDZKIE|M|25|16
2022-03|10|WOJ. £ÓDZKIE|M|37|6
2022-03|10|WOJ. £ÓDZKIE|M|16|3
2022-03|10|WOJ. £ÓDZKIE|M|43|2
2022-03|10|WOJ. £ÓDZKIE|M|26|15
2022-03|10|WOJ. £ÓDZKIE|M|27|20
2022-03|10|WOJ. £ÓDZKIE|M|42|3
2022-03|10|WOJ. £ÓDZKIE|M|46|3
2022-03|10|WOJ. £ÓDZKIE|M|49|2
2022-03|10|WOJ. £ÓDZKIE|M|52|2
2022-03|10|WOJ. £ÓDZKIE|M|38|7
2022-03|10|WOJ. £ÓDZKIE|M|45|5
2022-03|10|WOJ. £ÓDZKIE|M|41|5
2022-03|10|WOJ. £ÓDZKIE|M|18|308
2022-03|10|WOJ. £ÓDZKIE|M|67|1
2022-03|10|WOJ. £ÓDZKIE|M|51|2
2022-03|10|WOJ. £ÓDZKIE|M|24|16
2022-03|10|WOJ. £ÓDZKIE|M|48|2
2022-03|10|WOJ. £ÓDZKIE|M|29|9
2022-03|10|WOJ. £ÓDZKIE|M|47|4
2022-03|10|WOJ. £ÓDZKIE|M|15|2
2022-03|10|WOJ. £ÓDZKIE|M|19|290
2022-03|10|WOJ. £ÓDZKIE|M|22|26
2022-03|10|WOJ. £ÓDZKIE|M|17|25
2022-03|10|WOJ. £ÓDZKIE|M|20|63
2022-03|10|WOJ. £ÓDZKIE|M|21|31
2022-03|10|WOJ. £ÓDZKIE|M|23|10
2022-03|10|WOJ. £ÓDZKIE|M|33|5
2022-03|10|WOJ. £ÓDZKIE|M|30|9
2022-03|10|WOJ. £ÓDZKIE|M|40|2
2022-03|10|WOJ. £ÓDZKIE|M|57|2
2022-03|10|WOJ. £ÓDZKIE|M|55|1
2022-03|10|WOJ. £ÓDZKIE|M|32|11
2022-03|10|WOJ. £ÓDZKIE|M|31|9
2022-03|10|WOJ. £ÓDZKIE|M|44|1
2022-03|10|WOJ. £ÓDZKIE|M|64|1
2022-03|10|WOJ. £ÓDZKIE|M|28|11
2022-03|12|WOJ. MA£OPOLSKIE|K|53|4
2022-03|12|WOJ. MA£OPOLSKIE|K|37|10
2022-03|12|WOJ. MA£OPOLSKIE|K|45|5
2022-03|12|WOJ. MA£OPOLSKIE|K|50|4
2022-03|12|WOJ. MA£OPOLSKIE|K|59|3
2022-03|12|WOJ. MA£OPOLSKIE|K|44|5
2022-03|12|WOJ. MA£OPOLSKIE|K|40|9
2022-03|12|WOJ. MA£OPOLSKIE|K|19|537
2022-03|12|WOJ. MA£OPOLSKIE|K|52|6
2022-03|12|WOJ. MA£OPOLSKIE|K|25|22
2022-03|12|WOJ. MA£OPOLSKIE|K|61|1
2022-03|12|WOJ. MA£OPOLSKIE|K|47|7
2022-03|12|WOJ. MA£OPOLSKIE|K|42|14
2022-03|12|WOJ. MA£OPOLSKIE|K|36|15
2022-03|12|WOJ. MA£OPOLSKIE|K|34|16
2022-03|12|WOJ. MA£OPOLSKIE|K|51|6
2022-03|12|WOJ. MA£OPOLSKIE|K|49|3
2022-03|12|WOJ. MA£OPOLSKIE|K|35|10
2022-03|12|WOJ. MA£OPOLSKIE|K|43|3
2022-03|12|WOJ. MA£OPOLSKIE|K|26|29
2022-03|12|WOJ. MA£OPOLSKIE|K|23|36
2022-03|12|WOJ. MA£OPOLSKIE|K|58|2
2022-03|12|WOJ. MA£OPOLSKIE|K|64|2
2022-03|12|WOJ. MA£OPOLSKIE|K|32|18
2022-03|12|WOJ. MA£OPOLSKIE|K|55|1
2022-03|12|WOJ. MA£OPOLSKIE|K|46|8
2022-03|12|WOJ. MA£OPOLSKIE|K|41|13
2022-03|12|WOJ. MA£OPOLSKIE|K|56|4
2022-03|12|WOJ. MA£OPOLSKIE|K|60|1
2022-03|12|WOJ. MA£OPOLSKIE|K|21|64
2022-03|12|WOJ. MA£OPOLSKIE|K|27|26
2022-03|12|WOJ. MA£OPOLSKIE|K|17|7
2022-03|12|WOJ. MA£OPOLSKIE|K|16|2
2022-03|12|WOJ. MA£OPOLSKIE|K|57|1
2022-03|12|WOJ. MA£OPOLSKIE|K|20|125
2022-03|12|WOJ. MA£OPOLSKIE|K|30|24
2022-03|12|WOJ. MA£OPOLSKIE|K|62|3
2022-03|12|WOJ. MA£OPOLSKIE|K|39|18
2022-03|12|WOJ. MA£OPOLSKIE|K|31|27
2022-03|12|WOJ. MA£OPOLSKIE|K|28|22
2022-03|12|WOJ. MA£OPOLSKIE|K|38|11
2022-03|12|WOJ. MA£OPOLSKIE|K|54|1
2022-03|12|WOJ. MA£OPOLSKIE|K|24|26
2022-03|12|WOJ. MA£OPOLSKIE|K|22|43
2022-03|12|WOJ. MA£OPOLSKIE|K|18|327
2022-03|12|WOJ. MA£OPOLSKIE|K|33|21
2022-03|12|WOJ. MA£OPOLSKIE|K|29|24
2022-03|12|WOJ. MA£OPOLSKIE|K|48|5
2022-03|12|WOJ. MA£OPOLSKIE|M|54|2
2022-03|12|WOJ. MA£OPOLSKIE|M|28|16
2022-03|12|WOJ. MA£OPOLSKIE|M|69|1
2022-03|12|WOJ. MA£OPOLSKIE|M|36|9
2022-03|12|WOJ. MA£OPOLSKIE|M|40|7
2022-03|12|WOJ. MA£OPOLSKIE|M|55|2
2022-03|12|WOJ. MA£OPOLSKIE|M|23|23
2022-03|12|WOJ. MA£OPOLSKIE|M|37|8
2022-03|12|WOJ. MA£OPOLSKIE|M|33|6
2022-03|12|WOJ. MA£OPOLSKIE|M|17|11
2022-03|12|WOJ. MA£OPOLSKIE|M|24|20
2022-03|12|WOJ. MA£OPOLSKIE|M|35|6
2022-03|12|WOJ. MA£OPOLSKIE|M|27|23
2022-03|12|WOJ. MA£OPOLSKIE|M|25|19
2022-03|12|WOJ. MA£OPOLSKIE|M|41|3
2022-03|12|WOJ. MA£OPOLSKIE|M|42|8
2022-03|12|WOJ. MA£OPOLSKIE|M|20|140
2022-03|12|WOJ. MA£OPOLSKIE|M|39|5
2022-03|12|WOJ. MA£OPOLSKIE|M|38|8
2022-03|12|WOJ. MA£OPOLSKIE|M|47|4
2022-03|12|WOJ. MA£OPOLSKIE|M|51|2
2022-03|12|WOJ. MA£OPOLSKIE|M|61|1
2022-03|12|WOJ. MA£OPOLSKIE|M|19|539
2022-03|12|WOJ. MA£OPOLSKIE|M|31|13
2022-03|12|WOJ. MA£OPOLSKIE|M|45|2
2022-03|12|WOJ. MA£OPOLSKIE|M|34|6
2022-03|12|WOJ. MA£OPOLSKIE|M|16|5
2022-03|12|WOJ. MA£OPOLSKIE|M|59|1
2022-03|12|WOJ. MA£OPOLSKIE|M|22|32
2022-03|12|WOJ. MA£OPOLSKIE|M|29|16
2022-03|12|WOJ. MA£OPOLSKIE|M|43|4
2022-03|12|WOJ. MA£OPOLSKIE|M|52|1
2022-03|12|WOJ. MA£OPOLSKIE|M|18|457
2022-03|12|WOJ. MA£OPOLSKIE|M|30|13
2022-03|12|WOJ. MA£OPOLSKIE|M|46|2
2022-03|12|WOJ. MA£OPOLSKIE|M|44|4
2022-03|12|WOJ. MA£OPOLSKIE|M|26|15
2022-03|12|WOJ. MA£OPOLSKIE|M|21|72
2022-03|12|WOJ. MA£OPOLSKIE|M|32|11
2022-03|12|WOJ. MA£OPOLSKIE|M|49|4
2022-03|14|WOJ. MAZOWIECKIE|K|30|42
2022-03|14|WOJ. MAZOWIECKIE|K|29|39
2022-03|14|WOJ. MAZOWIECKIE|K|25|46
2022-03|14|WOJ. MAZOWIECKIE|K|46|11
2022-03|14|WOJ. MAZOWIECKIE|K|42|12
2022-03|14|WOJ. MAZOWIECKIE|K|52|5
2022-03|14|WOJ. MAZOWIECKIE|K|16|1
2022-03|14|WOJ. MAZOWIECKIE|K|43|11
2022-03|14|WOJ. MAZOWIECKIE|K|55|3
2022-03|14|WOJ. MAZOWIECKIE|K|60|1
2022-03|14|WOJ. MAZOWIECKIE|K|67|1
2022-03|14|WOJ. MAZOWIECKIE|K|24|59
2022-03|14|WOJ. MAZOWIECKIE|K|26|47
2022-03|14|WOJ. MAZOWIECKIE|K|22|76
2022-03|14|WOJ. MAZOWIECKIE|K|51|8
2022-03|14|WOJ. MAZOWIECKIE|K|19|643
2022-03|14|WOJ. MAZOWIECKIE|K|36|28
2022-03|14|WOJ. MAZOWIECKIE|K|44|13
2022-03|14|WOJ. MAZOWIECKIE|K|32|35
2022-03|14|WOJ. MAZOWIECKIE|K|17|8
2022-03|14|WOJ. MAZOWIECKIE|K|49|5
2022-03|14|WOJ. MAZOWIECKIE|K|63|3
2022-03|14|WOJ. MAZOWIECKIE|K|37|34
2022-03|14|WOJ. MAZOWIECKIE|K|45|15
2022-03|14|WOJ. MAZOWIECKIE|K|27|44
2022-03|14|WOJ. MAZOWIECKIE|K|23|43
2022-03|14|WOJ. MAZOWIECKIE|K|41|18
2022-03|14|WOJ. MAZOWIECKIE|K|61|2
2022-03|14|WOJ. MAZOWIECKIE|K|38|20
2022-03|14|WOJ. MAZOWIECKIE|K|39|22
2022-03|14|WOJ. MAZOWIECKIE|K|31|39
2022-03|14|WOJ. MAZOWIECKIE|K|40|19
2022-03|14|WOJ. MAZOWIECKIE|K|76|1
2022-03|14|WOJ. MAZOWIECKIE|K|33|43
2022-03|14|WOJ. MAZOWIECKIE|K|21|99
2022-03|14|WOJ. MAZOWIECKIE|K|28|44
2022-03|14|WOJ. MAZOWIECKIE|K|50|9
2022-03|14|WOJ. MAZOWIECKIE|K|34|38
2022-03|14|WOJ. MAZOWIECKIE|K|53|3
2022-03|14|WOJ. MAZOWIECKIE|K|20|194
2022-03|14|WOJ. MAZOWIECKIE|K|18|423
2022-03|14|WOJ. MAZOWIECKIE|K|48|5
2022-03|14|WOJ. MAZOWIECKIE|K|56|2
2022-03|14|WOJ. MAZOWIECKIE|K|57|5
2022-03|14|WOJ. MAZOWIECKIE|K|47|14
2022-03|14|WOJ. MAZOWIECKIE|K|64|1
2022-03|14|WOJ. MAZOWIECKIE|K|58|1
2022-03|14|WOJ. MAZOWIECKIE|K|35|21
2022-03|14|WOJ. MAZOWIECKIE|K|65|3
2022-03|14|WOJ. MAZOWIECKIE|K|59|5
2022-03|14|WOJ. MAZOWIECKIE|K|54|6
2022-03|14|WOJ. MAZOWIECKIE|M|55|1
2022-03|14|WOJ. MAZOWIECKIE|M|36|17
2022-03|14|WOJ. MAZOWIECKIE|M|60|2
2022-03|14|WOJ. MAZOWIECKIE|M|45|10
2022-03|14|WOJ. MAZOWIECKIE|M|26|42
2022-03|14|WOJ. MAZOWIECKIE|M|53|2
2022-03|14|WOJ. MAZOWIECKIE|M|46|9
2022-03|14|WOJ. MAZOWIECKIE|M|18|601
2022-03|14|WOJ. MAZOWIECKIE|M|33|23
2022-03|14|WOJ. MAZOWIECKIE|M|30|30
2022-03|14|WOJ. MAZOWIECKIE|M|40|14
2022-03|14|WOJ. MAZOWIECKIE|M|17|26
2022-03|14|WOJ. MAZOWIECKIE|M|38|18
2022-03|14|WOJ. MAZOWIECKIE|M|44|4
2022-03|14|WOJ. MAZOWIECKIE|M|16|7
2022-03|14|WOJ. MAZOWIECKIE|M|59|2
2022-03|14|WOJ. MAZOWIECKIE|M|43|8
2022-03|14|WOJ. MAZOWIECKIE|M|47|3
2022-03|14|WOJ. MAZOWIECKIE|M|37|16
2022-03|14|WOJ. MAZOWIECKIE|M|66|1
2022-03|14|WOJ. MAZOWIECKIE|M|51|2
2022-03|14|WOJ. MAZOWIECKIE|M|52|3
2022-03|14|WOJ. MAZOWIECKIE|M|62|1
2022-03|14|WOJ. MAZOWIECKIE|M|20|187
2022-03|14|WOJ. MAZOWIECKIE|M|28|29
2022-03|14|WOJ. MAZOWIECKIE|M|29|31
2022-03|14|WOJ. MAZOWIECKIE|M|35|23
2022-03|14|WOJ. MAZOWIECKIE|M|39|11
2022-03|14|WOJ. MAZOWIECKIE|M|21|104
2022-03|14|WOJ. MAZOWIECKIE|M|23|53
2022-03|14|WOJ. MAZOWIECKIE|M|57|2
2022-03|14|WOJ. MAZOWIECKIE|M|56|1
2022-03|14|WOJ. MAZOWIECKIE|M|63|1
2022-03|14|WOJ. MAZOWIECKIE|M|32|23
2022-03|14|WOJ. MAZOWIECKIE|M|22|59
2022-03|14|WOJ. MAZOWIECKIE|M|27|33
2022-03|14|WOJ. MAZOWIECKIE|M|41|13
2022-03|14|WOJ. MAZOWIECKIE|M|48|3
2022-03|14|WOJ. MAZOWIECKIE|M|49|5
2022-03|14|WOJ. MAZOWIECKIE|M|19|779
2022-03|14|WOJ. MAZOWIECKIE|M|34|23
2022-03|14|WOJ. MAZOWIECKIE|M|42|7
2022-03|14|WOJ. MAZOWIECKIE|M|31|30
2022-03|14|WOJ. MAZOWIECKIE|M|50|5
2022-03|14|WOJ. MAZOWIECKIE|M|24|24
2022-03|14|WOJ. MAZOWIECKIE|M|25|41
2022-03|14|WOJ. MAZOWIECKIE|M|54|1
2022-03|16|WOJ. OPOLSKIE|K|56|1
2022-03|16|WOJ. OPOLSKIE|K|28|10
2022-03|16|WOJ. OPOLSKIE|K|41|2
2022-03|16|WOJ. OPOLSKIE|K|20|17
2022-03|16|WOJ. OPOLSKIE|K|34|2
2022-03|16|WOJ. OPOLSKIE|K|35|3
2022-03|16|WOJ. OPOLSKIE|K|30|6
2022-03|16|WOJ. OPOLSKIE|K|21|12
2022-03|16|WOJ. OPOLSKIE|K|29|4
2022-03|16|WOJ. OPOLSKIE|K|27|3
2022-03|16|WOJ. OPOLSKIE|K|24|9
2022-03|16|WOJ. OPOLSKIE|K|53|3
2022-03|16|WOJ. OPOLSKIE|K|33|5
2022-03|16|WOJ. OPOLSKIE|K|37|4
2022-03|16|WOJ. OPOLSKIE|K|60|1
2022-03|16|WOJ. OPOLSKIE|K|62|1
2022-03|16|WOJ. OPOLSKIE|K|26|6
2022-03|16|WOJ. OPOLSKIE|K|36|6
2022-03|16|WOJ. OPOLSKIE|K|44|4
2022-03|16|WOJ. OPOLSKIE|K|50|2
2022-03|16|WOJ. OPOLSKIE|K|31|5
2022-03|16|WOJ. OPOLSKIE|K|17|1
2022-03|16|WOJ. OPOLSKIE|K|19|103
2022-03|16|WOJ. OPOLSKIE|K|25|13
2022-03|16|WOJ. OPOLSKIE|K|38|4
2022-03|16|WOJ. OPOLSKIE|K|32|6
2022-03|16|WOJ. OPOLSKIE|K|47|2
2022-03|16|WOJ. OPOLSKIE|K|55|2
2022-03|16|WOJ. OPOLSKIE|K|45|1
2022-03|16|WOJ. OPOLSKIE|K|51|1
2022-03|16|WOJ. OPOLSKIE|K|43|1
2022-03|16|WOJ. OPOLSKIE|K|23|9
2022-03|16|WOJ. OPOLSKIE|K|42|1
2022-03|16|WOJ. OPOLSKIE|K|58|1
2022-03|16|WOJ. OPOLSKIE|K|18|106
2022-03|16|WOJ. OPOLSKIE|K|39|5
2022-03|16|WOJ. OPOLSKIE|K|40|2
2022-03|16|WOJ. OPOLSKIE|K|22|7
2022-03|16|WOJ. OPOLSKIE|K|46|1
2022-03|16|WOJ. OPOLSKIE|M|38|2
2022-03|16|WOJ. OPOLSKIE|M|36|4
2022-03|16|WOJ. OPOLSKIE|M|26|7
2022-03|16|WOJ. OPOLSKIE|M|33|5
2022-03|16|WOJ. OPOLSKIE|M|47|1
2022-03|16|WOJ. OPOLSKIE|M|40|2
2022-03|16|WOJ. OPOLSKIE|M|22|9
2022-03|16|WOJ. OPOLSKIE|M|51|1
2022-03|16|WOJ. OPOLSKIE|M|23|5
2022-03|16|WOJ. OPOLSKIE|M|45|1
2022-03|16|WOJ. OPOLSKIE|M|17|8
2022-03|16|WOJ. OPOLSKIE|M|34|5
2022-03|16|WOJ. OPOLSKIE|M|31|2
2022-03|16|WOJ. OPOLSKIE|M|20|27
2022-03|16|WOJ. OPOLSKIE|M|19|109
2022-03|16|WOJ. OPOLSKIE|M|41|3
2022-03|16|WOJ. OPOLSKIE|M|32|1
2022-03|16|WOJ. OPOLSKIE|M|16|3
2022-03|16|WOJ. OPOLSKIE|M|42|2
2022-03|16|WOJ. OPOLSKIE|M|18|116
2022-03|16|WOJ. OPOLSKIE|M|29|4
2022-03|16|WOJ. OPOLSKIE|M|35|7
2022-03|16|WOJ. OPOLSKIE|M|25|4
2022-03|16|WOJ. OPOLSKIE|M|24|7
2022-03|16|WOJ. OPOLSKIE|M|30|4
2022-03|16|WOJ. OPOLSKIE|M|27|4
2022-03|16|WOJ. OPOLSKIE|M|43|1
2022-03|16|WOJ. OPOLSKIE|M|37|2
2022-03|16|WOJ. OPOLSKIE|M|28|6
2022-03|16|WOJ. OPOLSKIE|M|21|17
2022-03|18|WOJ. PODKARPACKIE|K|41|6
2022-03|18|WOJ. PODKARPACKIE|K|26|14
2022-03|18|WOJ. PODKARPACKIE|K|61|1
2022-03|18|WOJ. PODKARPACKIE|K|20|37
2022-03|18|WOJ. PODKARPACKIE|K|40|5
2022-03|18|WOJ. PODKARPACKIE|K|21|34
2022-03|18|WOJ. PODKARPACKIE|K|25|11
2022-03|18|WOJ. PODKARPACKIE|K|58|1
2022-03|18|WOJ. PODKARPACKIE|K|18|352
2022-03|18|WOJ. PODKARPACKIE|K|19|204
2022-03|18|WOJ. PODKARPACKIE|K|51|3
2022-03|18|WOJ. PODKARPACKIE|K|36|7
2022-03|18|WOJ. PODKARPACKIE|K|42|2
2022-03|18|WOJ. PODKARPACKIE|K|46|2
2022-03|18|WOJ. PODKARPACKIE|K|31|8
2022-03|18|WOJ. PODKARPACKIE|K|47|5
2022-03|18|WOJ. PODKARPACKIE|K|39|5
2022-03|18|WOJ. PODKARPACKIE|K|49|4
2022-03|18|WOJ. PODKARPACKIE|K|16|1
2022-03|18|WOJ. PODKARPACKIE|K|43|7
2022-03|18|WOJ. PODKARPACKIE|K|50|3
2022-03|18|WOJ. PODKARPACKIE|K|23|13
2022-03|18|WOJ. PODKARPACKIE|K|32|4
2022-03|18|WOJ. PODKARPACKIE|K|37|11
2022-03|18|WOJ. PODKARPACKIE|K|53|1
2022-03|18|WOJ. PODKARPACKIE|K|22|20
2022-03|18|WOJ. PODKARPACKIE|K|29|15
2022-03|18|WOJ. PODKARPACKIE|K|48|1
2022-03|18|WOJ. PODKARPACKIE|K|33|8
2022-03|18|WOJ. PODKARPACKIE|K|27|10
2022-03|18|WOJ. PODKARPACKIE|K|45|3
2022-03|18|WOJ. PODKARPACKIE|K|24|14
2022-03|18|WOJ. PODKARPACKIE|K|44|4
2022-03|18|WOJ. PODKARPACKIE|K|54|3
2022-03|18|WOJ. PODKARPACKIE|K|34|9
2022-03|18|WOJ. PODKARPACKIE|K|30|10
2022-03|18|WOJ. PODKARPACKIE|K|35|10
2022-03|18|WOJ. PODKARPACKIE|K|55|1
2022-03|18|WOJ. PODKARPACKIE|K|56|1
2022-03|18|WOJ. PODKARPACKIE|K|52|7
2022-03|18|WOJ. PODKARPACKIE|K|28|10
2022-03|18|WOJ. PODKARPACKIE|K|38|4
2022-03|18|WOJ. PODKARPACKIE|K|59|2
2022-03|18|WOJ. PODKARPACKIE|M|40|1
2022-03|18|WOJ. PODKARPACKIE|M|37|6
2022-03|18|WOJ. PODKARPACKIE|M|29|7
2022-03|18|WOJ. PODKARPACKIE|M|38|5
2022-03|18|WOJ. PODKARPACKIE|M|41|4
2022-03|18|WOJ. PODKARPACKIE|M|39|1
2022-03|18|WOJ. PODKARPACKIE|M|60|1
2022-03|18|WOJ. PODKARPACKIE|M|26|15
2022-03|18|WOJ. PODKARPACKIE|M|20|52
2022-03|18|WOJ. PODKARPACKIE|M|36|4
2022-03|18|WOJ. PODKARPACKIE|M|45|1
2022-03|18|WOJ. PODKARPACKIE|M|34|1
2022-03|18|WOJ. PODKARPACKIE|M|43|4
2022-03|18|WOJ. PODKARPACKIE|M|21|15
2022-03|18|WOJ. PODKARPACKIE|M|31|10
2022-03|18|WOJ. PODKARPACKIE|M|24|11
2022-03|18|WOJ. PODKARPACKIE|M|17|9
2022-03|18|WOJ. PODKARPACKIE|M|46|2
2022-03|18|WOJ. PODKARPACKIE|M|23|10
2022-03|18|WOJ. PODKARPACKIE|M|42|1
2022-03|18|WOJ. PODKARPACKIE|M|52|3
2022-03|18|WOJ. PODKARPACKIE|M|30|5
2022-03|18|WOJ. PODKARPACKIE|M|22|8
2022-03|18|WOJ. PODKARPACKIE|M|15|1
2022-03|18|WOJ. PODKARPACKIE|M|47|1
2022-03|18|WOJ. PODKARPACKIE|M|35|2
2022-03|18|WOJ. PODKARPACKIE|M|19|236
2022-03|18|WOJ. PODKARPACKIE|M|27|12
2022-03|18|WOJ. PODKARPACKIE|M|73|1
2022-03|18|WOJ. PODKARPACKIE|M|28|11
2022-03|18|WOJ. PODKARPACKIE|M|32|4
2022-03|18|WOJ. PODKARPACKIE|M|51|2
2022-03|18|WOJ. PODKARPACKIE|M|44|1
2022-03|18|WOJ. PODKARPACKIE|M|25|8
2022-03|18|WOJ. PODKARPACKIE|M|65|1
2022-03|18|WOJ. PODKARPACKIE|M|49|2
2022-03|18|WOJ. PODKARPACKIE|M|18|423
2022-03|18|WOJ. PODKARPACKIE|M|33|4
2022-03|18|WOJ. PODKARPACKIE|M|16|2
2022-03|20|WOJ. PODLASKIE|K|43|2
2022-03|20|WOJ. PODLASKIE|K|24|7
2022-03|20|WOJ. PODLASKIE|K|40|2
2022-03|20|WOJ. PODLASKIE|K|35|3
2022-03|20|WOJ. PODLASKIE|K|42|1
2022-03|20|WOJ. PODLASKIE|K|29|3
2022-03|20|WOJ. PODLASKIE|K|50|4
2022-03|20|WOJ. PODLASKIE|K|58|2
2022-03|20|WOJ. PODLASKIE|K|31|9
2022-03|20|WOJ. PODLASKIE|K|27|10
2022-03|20|WOJ. PODLASKIE|K|36|4
2022-03|20|WOJ. PODLASKIE|K|33|4
2022-03|20|WOJ. PODLASKIE|K|56|1
2022-03|20|WOJ. PODLASKIE|K|47|2
2022-03|20|WOJ. PODLASKIE|K|16|1
2022-03|20|WOJ. PODLASKIE|K|46|3
2022-03|20|WOJ. PODLASKIE|K|48|1
2022-03|20|WOJ. PODLASKIE|K|54|1
2022-03|20|WOJ. PODLASKIE|K|34|2
2022-03|20|WOJ. PODLASKIE|K|19|102
2022-03|20|WOJ. PODLASKIE|K|26|6
2022-03|20|WOJ. PODLASKIE|K|38|1
2022-03|20|WOJ. PODLASKIE|K|18|157
2022-03|20|WOJ. PODLASKIE|K|44|3
2022-03|20|WOJ. PODLASKIE|K|30|3
2022-03|20|WOJ. PODLASKIE|K|45|2
2022-03|20|WOJ. PODLASKIE|K|28|7
2022-03|20|WOJ. PODLASKIE|K|22|6
2022-03|20|WOJ. PODLASKIE|K|25|9
2022-03|20|WOJ. PODLASKIE|K|23|11
2022-03|20|WOJ. PODLASKIE|K|37|3
2022-03|20|WOJ. PODLASKIE|K|52|2
2022-03|20|WOJ. PODLASKIE|K|20|24
2022-03|20|WOJ. PODLASKIE|K|32|4
2022-03|20|WOJ. PODLASKIE|K|41|5
2022-03|20|WOJ. PODLASKIE|K|21|8
2022-03|20|WOJ. PODLASKIE|K|39|2
2022-03|20|WOJ. PODLASKIE|M|38|1
2022-03|20|WOJ. PODLASKIE|M|19|101
2022-03|20|WOJ. PODLASKIE|M|24|6
2022-03|20|WOJ. PODLASKIE|M|28|6
2022-03|20|WOJ. PODLASKIE|M|42|2
2022-03|20|WOJ. PODLASKIE|M|55|1
2022-03|20|WOJ. PODLASKIE|M|17|13
2022-03|20|WOJ. PODLASKIE|M|46|1
2022-03|20|WOJ. PODLASKIE|M|54|1
2022-03|20|WOJ. PODLASKIE|M|20|20
2022-03|20|WOJ. PODLASKIE|M|23|8
2022-03|20|WOJ. PODLASKIE|M|35|2
2022-03|20|WOJ. PODLASKIE|M|37|3
2022-03|20|WOJ. PODLASKIE|M|21|17
2022-03|20|WOJ. PODLASKIE|M|26|4
2022-03|20|WOJ. PODLASKIE|M|43|1
2022-03|20|WOJ. PODLASKIE|M|22|7
2022-03|20|WOJ. PODLASKIE|M|44|1
2022-03|20|WOJ. PODLASKIE|M|27|6
2022-03|20|WOJ. PODLASKIE|M|16|2
2022-03|20|WOJ. PODLASKIE|M|40|3
2022-03|20|WOJ. PODLASKIE|M|39|1
2022-03|20|WOJ. PODLASKIE|M|31|2
2022-03|20|WOJ. PODLASKIE|M|41|1
2022-03|20|WOJ. PODLASKIE|M|32|4
2022-03|20|WOJ. PODLASKIE|M|29|5
2022-03|20|WOJ. PODLASKIE|M|30|2
2022-03|20|WOJ. PODLASKIE|M|25|5
2022-03|20|WOJ. PODLASKIE|M|48|1
2022-03|20|WOJ. PODLASKIE|M|34|2
2022-03|20|WOJ. PODLASKIE|M|18|148
2022-03|20|WOJ. PODLASKIE|M|33|4
2022-03|22|WOJ. POMORSKIE|K|45|7
2022-03|22|WOJ. POMORSKIE|K|31|28
2022-03|22|WOJ. POMORSKIE|K|29|23
2022-03|22|WOJ. POMORSKIE|K|19|362
2022-03|22|WOJ. POMORSKIE|K|32|17
2022-03|22|WOJ. POMORSKIE|K|17|3
2022-03|22|WOJ. POMORSKIE|K|37|13
2022-03|22|WOJ. POMORSKIE|K|52|3
2022-03|22|WOJ. POMORSKIE|K|51|3
2022-03|22|WOJ. POMORSKIE|K|41|15
2022-03|22|WOJ. POMORSKIE|K|48|4
2022-03|22|WOJ. POMORSKIE|K|46|8
2022-03|22|WOJ. POMORSKIE|K|60|1
2022-03|22|WOJ. POMORSKIE|K|55|3
2022-03|22|WOJ. POMORSKIE|K|35|11
2022-03|22|WOJ. POMORSKIE|K|21|53
2022-03|22|WOJ. POMORSKIE|K|28|24
2022-03|22|WOJ. POMORSKIE|K|26|28
2022-03|22|WOJ. POMORSKIE|K|23|24
2022-03|22|WOJ. POMORSKIE|K|53|2
2022-03|22|WOJ. POMORSKIE|K|39|14
2022-03|22|WOJ. POMORSKIE|K|42|6
2022-03|22|WOJ. POMORSKIE|K|34|15
2022-03|22|WOJ. POMORSKIE|K|40|11
2022-03|22|WOJ. POMORSKIE|K|57|1
2022-03|22|WOJ. POMORSKIE|K|58|1
2022-03|22|WOJ. POMORSKIE|K|43|6
2022-03|22|WOJ. POMORSKIE|K|25|31
2022-03|22|WOJ. POMORSKIE|K|36|16
2022-03|22|WOJ. POMORSKIE|K|56|2
2022-03|22|WOJ. POMORSKIE|K|54|2
2022-03|22|WOJ. POMORSKIE|K|59|1
2022-03|22|WOJ. POMORSKIE|K|27|34
2022-03|22|WOJ. POMORSKIE|K|47|6
2022-03|22|WOJ. POMORSKIE|K|30|23
2022-03|22|WOJ. POMORSKIE|K|38|7
2022-03|22|WOJ. POMORSKIE|K|18|143
2022-03|22|WOJ. POMORSKIE|K|24|28
2022-03|22|WOJ. POMORSKIE|K|22|32
2022-03|22|WOJ. POMORSKIE|K|33|15
2022-03|22|WOJ. POMORSKIE|K|20|103
2022-03|22|WOJ. POMORSKIE|K|44|8
2022-03|22|WOJ. POMORSKIE|K|50|5
2022-03|22|WOJ. POMORSKIE|M|37|8
2022-03|22|WOJ. POMORSKIE|M|43|3
2022-03|22|WOJ. POMORSKIE|M|50|4
2022-03|22|WOJ. POMORSKIE|M|21|42
2022-03|22|WOJ. POMORSKIE|M|46|4
2022-03|22|WOJ. POMORSKIE|M|48|1
2022-03|22|WOJ. POMORSKIE|M|18|190
2022-03|22|WOJ. POMORSKIE|M|36|11
2022-03|22|WOJ. POMORSKIE|M|45|3
2022-03|22|WOJ. POMORSKIE|M|16|1
2022-03|22|WOJ. POMORSKIE|M|53|1
2022-03|22|WOJ. POMORSKIE|M|41|10
2022-03|22|WOJ. POMORSKIE|M|38|8
2022-03|22|WOJ. POMORSKIE|M|31|17
2022-03|22|WOJ. POMORSKIE|M|33|14
2022-03|22|WOJ. POMORSKIE|M|22|34
2022-03|22|WOJ. POMORSKIE|M|17|13
2022-03|22|WOJ. POMORSKIE|M|29|12
2022-03|22|WOJ. POMORSKIE|M|52|3
2022-03|22|WOJ. POMORSKIE|M|24|17
2022-03|22|WOJ. POMORSKIE|M|35|12
2022-03|22|WOJ. POMORSKIE|M|26|20
2022-03|22|WOJ. POMORSKIE|M|23|24
2022-03|22|WOJ. POMORSKIE|M|20|82
2022-03|22|WOJ. POMORSKIE|M|40|6
2022-03|22|WOJ. POMORSKIE|M|19|424
2022-03|22|WOJ. POMORSKIE|M|28|21
2022-03|22|WOJ. POMORSKIE|M|30|12
2022-03|22|WOJ. POMORSKIE|M|44|4
2022-03|22|WOJ. POMORSKIE|M|70|1
2022-03|22|WOJ. POMORSKIE|M|51|1
2022-03|22|WOJ. POMORSKIE|M|34|12
2022-03|22|WOJ. POMORSKIE|M|27|19
2022-03|22|WOJ. POMORSKIE|M|42|3
2022-03|22|WOJ. POMORSKIE|M|57|1
2022-03|22|WOJ. POMORSKIE|M|25|21
2022-03|22|WOJ. POMORSKIE|M|39|2
2022-03|22|WOJ. POMORSKIE|M|49|2
2022-03|22|WOJ. POMORSKIE|M|47|3
2022-03|22|WOJ. POMORSKIE|M|32|11
2022-03|24|WOJ. ŒL¥SKIE|K|57|3
2022-03|24|WOJ. ŒL¥SKIE|K|33|30
2022-03|24|WOJ. ŒL¥SKIE|K|45|7
2022-03|24|WOJ. ŒL¥SKIE|K|56|1
2022-03|24|WOJ. ŒL¥SKIE|K|24|40
2022-03|24|WOJ. ŒL¥SKIE|K|36|20
2022-03|24|WOJ. ŒL¥SKIE|K|47|6
2022-03|24|WOJ. ŒL¥SKIE|K|22|60
2022-03|24|WOJ. ŒL¥SKIE|K|34|14
2022-03|24|WOJ. ŒL¥SKIE|K|66|1
2022-03|24|WOJ. ŒL¥SKIE|K|64|1
2022-03|24|WOJ. ŒL¥SKIE|K|51|2
2022-03|24|WOJ. ŒL¥SKIE|K|35|24
2022-03|24|WOJ. ŒL¥SKIE|K|63|2
2022-03|24|WOJ. ŒL¥SKIE|K|28|32
2022-03|24|WOJ. ŒL¥SKIE|K|27|42
2022-03|24|WOJ. ŒL¥SKIE|K|43|11
2022-03|24|WOJ. ŒL¥SKIE|K|62|2
2022-03|24|WOJ. ŒL¥SKIE|K|50|10
2022-03|24|WOJ. ŒL¥SKIE|K|18|313
2022-03|24|WOJ. ŒL¥SKIE|K|44|14
2022-03|24|WOJ. ŒL¥SKIE|K|46|11
2022-03|24|WOJ. ŒL¥SKIE|K|21|86
2022-03|24|WOJ. ŒL¥SKIE|K|55|2
2022-03|24|WOJ. ŒL¥SKIE|K|26|34
2022-03|24|WOJ. ŒL¥SKIE|K|20|137
2022-03|24|WOJ. ŒL¥SKIE|K|53|1
2022-03|24|WOJ. ŒL¥SKIE|K|30|25
2022-03|24|WOJ. ŒL¥SKIE|K|25|39
2022-03|24|WOJ. ŒL¥SKIE|K|52|4
2022-03|24|WOJ. ŒL¥SKIE|K|40|10
2022-03|24|WOJ. ŒL¥SKIE|K|48|10
2022-03|24|WOJ. ŒL¥SKIE|K|49|2
2022-03|24|WOJ. ŒL¥SKIE|K|29|34
2022-03|24|WOJ. ŒL¥SKIE|K|60|1
2022-03|24|WOJ. ŒL¥SKIE|K|39|16
2022-03|24|WOJ. ŒL¥SKIE|K|19|648
2022-03|24|WOJ. ŒL¥SKIE|K|37|20
2022-03|24|WOJ. ŒL¥SKIE|K|31|30
2022-03|24|WOJ. ŒL¥SKIE|K|32|24
2022-03|24|WOJ. ŒL¥SKIE|K|42|13
2022-03|24|WOJ. ŒL¥SKIE|K|38|23
2022-03|24|WOJ. ŒL¥SKIE|K|54|4
2022-03|24|WOJ. ŒL¥SKIE|K|41|18
2022-03|24|WOJ. ŒL¥SKIE|K|23|60
2022-03|24|WOJ. ŒL¥SKIE|K|17|1
2022-03|24|WOJ. ŒL¥SKIE|M|49|4
2022-03|24|WOJ. ŒL¥SKIE|M|46|4
2022-03|24|WOJ. ŒL¥SKIE|M|55|1
2022-03|24|WOJ. ŒL¥SKIE|M|47|2
2022-03|24|WOJ. ŒL¥SKIE|M|22|65
2022-03|24|WOJ. ŒL¥SKIE|M|23|27
2022-03|24|WOJ. ŒL¥SKIE|M|36|13
2022-03|24|WOJ. ŒL¥SKIE|M|24|25
2022-03|24|WOJ. ŒL¥SKIE|M|31|19
2022-03|24|WOJ. ŒL¥SKIE|M|33|17
2022-03|24|WOJ. ŒL¥SKIE|M|42|6
2022-03|24|WOJ. ŒL¥SKIE|M|61|1
2022-03|24|WOJ. ŒL¥SKIE|M|39|15
2022-03|24|WOJ. ŒL¥SKIE|M|16|4
2022-03|24|WOJ. ŒL¥SKIE|M|19|639
2022-03|24|WOJ. ŒL¥SKIE|M|28|24
2022-03|24|WOJ. ŒL¥SKIE|M|41|7
2022-03|24|WOJ. ŒL¥SKIE|M|18|447
2022-03|24|WOJ. ŒL¥SKIE|M|27|25
2022-03|24|WOJ. ŒL¥SKIE|M|30|16
2022-03|24|WOJ. ŒL¥SKIE|M|35|9
2022-03|24|WOJ. ŒL¥SKIE|M|50|1
2022-03|24|WOJ. ŒL¥SKIE|M|48|2
2022-03|24|WOJ. ŒL¥SKIE|M|56|1
2022-03|24|WOJ. ŒL¥SKIE|M|38|11
2022-03|24|WOJ. ŒL¥SKIE|M|44|9
2022-03|24|WOJ. ŒL¥SKIE|M|37|12
2022-03|24|WOJ. ŒL¥SKIE|M|43|4
2022-03|24|WOJ. ŒL¥SKIE|M|70|1
2022-03|24|WOJ. ŒL¥SKIE|M|54|1
2022-03|24|WOJ. ŒL¥SKIE|M|51|5
2022-03|24|WOJ. ŒL¥SKIE|M|34|14
2022-03|24|WOJ. ŒL¥SKIE|M|17|9
2022-03|24|WOJ. ŒL¥SKIE|M|45|10
2022-03|24|WOJ. ŒL¥SKIE|M|32|21
2022-03|24|WOJ. ŒL¥SKIE|M|20|169
2022-03|24|WOJ. ŒL¥SKIE|M|25|26
2022-03|24|WOJ. ŒL¥SKIE|M|21|77
2022-03|24|WOJ. ŒL¥SKIE|M|40|14
2022-03|24|WOJ. ŒL¥SKIE|M|29|25
2022-03|24|WOJ. ŒL¥SKIE|M|26|37
2022-03|24|WOJ. ŒL¥SKIE|M|57|1
2022-03|24|WOJ. ŒL¥SKIE|M|58|1
2022-03|24|WOJ. ŒL¥SKIE|M|53|1
2022-03|26|WOJ. ŒWIÊTOKRZYSKIE|K|19|165
2022-03|26|WOJ. ŒWIÊTOKRZYSKIE|K|55|2
2022-03|26|WOJ. ŒWIÊTOKRZYSKIE|K|22|13
2022-03|26|WOJ. ŒWIÊTOKRZYSKIE|K|23|7
2022-03|26|WOJ. ŒWIÊTOKRZYSKIE|K|45|2
2022-03|26|WOJ. ŒWIÊTOKRZYSKIE|K|41|3
2022-03|26|WOJ. ŒWIÊTOKRZYSKIE|K|21|25
2022-03|26|WOJ. ŒWIÊTOKRZYSKIE|K|24|11
2022-03|26|WOJ. ŒWIÊTOKRZYSKIE|K|27|14
2022-03|26|WOJ. ŒWIÊTOKRZYSKIE|K|38|5
2022-03|26|WOJ. ŒWIÊTOKRZYSKIE|K|40|6
2022-03|26|WOJ. ŒWIÊTOKRZYSKIE|K|32|4
2022-03|26|WOJ. ŒWIÊTOKRZYSKIE|K|43|2
2022-03|26|WOJ. ŒWIÊTOKRZYSKIE|K|34|8
2022-03|26|WOJ. ŒWIÊTOKRZYSKIE|K|56|1
2022-03|26|WOJ. ŒWIÊTOKRZYSKIE|K|20|31
2022-03|26|WOJ. ŒWIÊTOKRZYSKIE|K|48|6
2022-03|26|WOJ. ŒWIÊTOKRZYSKIE|K|49|2
2022-03|26|WOJ. ŒWIÊTOKRZYSKIE|K|30|10
2022-03|26|WOJ. ŒWIÊTOKRZYSKIE|K|28|11
2022-03|26|WOJ. ŒWIÊTOKRZYSKIE|K|42|1
2022-03|26|WOJ. ŒWIÊTOKRZYSKIE|K|25|12
2022-03|26|WOJ. ŒWIÊTOKRZYSKIE|K|46|4
2022-03|26|WOJ. ŒWIÊTOKRZYSKIE|K|33|5
2022-03|26|WOJ. ŒWIÊTOKRZYSKIE|K|36|3
2022-03|26|WOJ. ŒWIÊTOKRZYSKIE|K|51|2
2022-03|26|WOJ. ŒWIÊTOKRZYSKIE|K|53|2
2022-03|26|WOJ. ŒWIÊTOKRZYSKIE|K|39|6
2022-03|26|WOJ. ŒWIÊTOKRZYSKIE|K|44|4
2022-03|26|WOJ. ŒWIÊTOKRZYSKIE|K|26|12
2022-03|26|WOJ. ŒWIÊTOKRZYSKIE|K|37|5
2022-03|26|WOJ. ŒWIÊTOKRZYSKIE|K|54|2
2022-03|26|WOJ. ŒWIÊTOKRZYSKIE|K|47|3
2022-03|26|WOJ. ŒWIÊTOKRZYSKIE|K|35|7
2022-03|26|WOJ. ŒWIÊTOKRZYSKIE|K|31|4
2022-03|26|WOJ. ŒWIÊTOKRZYSKIE|K|61|2
2022-03|26|WOJ. ŒWIÊTOKRZYSKIE|K|50|1
2022-03|26|WOJ. ŒWIÊTOKRZYSKIE|K|17|1
2022-03|26|WOJ. ŒWIÊTOKRZYSKIE|K|29|12
2022-03|26|WOJ. ŒWIÊTOKRZYSKIE|K|57|2
2022-03|26|WOJ. ŒWIÊTOKRZYSKIE|K|52|3
2022-03|26|WOJ. ŒWIÊTOKRZYSKIE|K|18|145
2022-03|26|WOJ. ŒWIÊTOKRZYSKIE|M|26|1
2022-03|26|WOJ. ŒWIÊTOKRZYSKIE|M|23|6
2022-03|26|WOJ. ŒWIÊTOKRZYSKIE|M|28|4
2022-03|26|WOJ. ŒWIÊTOKRZYSKIE|M|20|39
2022-03|26|WOJ. ŒWIÊTOKRZYSKIE|M|48|1
2022-03|26|WOJ. ŒWIÊTOKRZYSKIE|M|38|3
2022-03|26|WOJ. ŒWIÊTOKRZYSKIE|M|62|1
2022-03|26|WOJ. ŒWIÊTOKRZYSKIE|M|31|5
2022-03|26|WOJ. ŒWIÊTOKRZYSKIE|M|51|1
2022-03|26|WOJ. ŒWIÊTOKRZYSKIE|M|34|5
2022-03|26|WOJ. ŒWIÊTOKRZYSKIE|M|37|5
2022-03|26|WOJ. ŒWIÊTOKRZYSKIE|M|17|10
2022-03|26|WOJ. ŒWIÊTOKRZYSKIE|M|27|8
2022-03|26|WOJ. ŒWIÊTOKRZYSKIE|M|39|2
2022-03|26|WOJ. ŒWIÊTOKRZYSKIE|M|46|2
2022-03|26|WOJ. ŒWIÊTOKRZYSKIE|M|30|5
2022-03|26|WOJ. ŒWIÊTOKRZYSKIE|M|35|5
2022-03|26|WOJ. ŒWIÊTOKRZYSKIE|M|33|8
2022-03|26|WOJ. ŒWIÊTOKRZYSKIE|M|18|208
2022-03|26|WOJ. ŒWIÊTOKRZYSKIE|M|56|1
2022-03|26|WOJ. ŒWIÊTOKRZYSKIE|M|58|1
2022-03|26|WOJ. ŒWIÊTOKRZYSKIE|M|24|8
2022-03|26|WOJ. ŒWIÊTOKRZYSKIE|M|42|4
2022-03|26|WOJ. ŒWIÊTOKRZYSKIE|M|25|7
2022-03|26|WOJ. ŒWIÊTOKRZYSKIE|M|29|2
2022-03|26|WOJ. ŒWIÊTOKRZYSKIE|M|36|3
2022-03|26|WOJ. ŒWIÊTOKRZYSKIE|M|21|25
2022-03|26|WOJ. ŒWIÊTOKRZYSKIE|M|22|12
2022-03|26|WOJ. ŒWIÊTOKRZYSKIE|M|41|3
2022-03|26|WOJ. ŒWIÊTOKRZYSKIE|M|32|4
2022-03|26|WOJ. ŒWIÊTOKRZYSKIE|M|40|3
2022-03|26|WOJ. ŒWIÊTOKRZYSKIE|M|54|1
2022-03|26|WOJ. ŒWIÊTOKRZYSKIE|M|19|154
2022-03|26|WOJ. ŒWIÊTOKRZYSKIE|M|64|2
2022-03|26|WOJ. ŒWIÊTOKRZYSKIE|M|16|2
2022-03|28|WOJ. WARMIÑSKO-MAZURSKIE|K|29|6
2022-03|28|WOJ. WARMIÑSKO-MAZURSKIE|K|61|1
2022-03|28|WOJ. WARMIÑSKO-MAZURSKIE|K|68|1
2022-03|28|WOJ. WARMIÑSKO-MAZURSKIE|K|19|147
2022-03|28|WOJ. WARMIÑSKO-MAZURSKIE|K|30|9
2022-03|28|WOJ. WARMIÑSKO-MAZURSKIE|K|59|1
2022-03|28|WOJ. WARMIÑSKO-MAZURSKIE|K|43|2
2022-03|28|WOJ. WARMIÑSKO-MAZURSKIE|K|50|2
2022-03|28|WOJ. WARMIÑSKO-MAZURSKIE|K|72|1
2022-03|28|WOJ. WARMIÑSKO-MAZURSKIE|K|21|15
2022-03|28|WOJ. WARMIÑSKO-MAZURSKIE|K|35|6
2022-03|28|WOJ. WARMIÑSKO-MAZURSKIE|K|39|4
2022-03|28|WOJ. WARMIÑSKO-MAZURSKIE|K|32|12
2022-03|28|WOJ. WARMIÑSKO-MAZURSKIE|K|47|1
2022-03|28|WOJ. WARMIÑSKO-MAZURSKIE|K|37|6
2022-03|28|WOJ. WARMIÑSKO-MAZURSKIE|K|36|9
2022-03|28|WOJ. WARMIÑSKO-MAZURSKIE|K|24|10
2022-03|28|WOJ. WARMIÑSKO-MAZURSKIE|K|20|33
2022-03|28|WOJ. WARMIÑSKO-MAZURSKIE|K|48|4
2022-03|28|WOJ. WARMIÑSKO-MAZURSKIE|K|49|2
2022-03|28|WOJ. WARMIÑSKO-MAZURSKIE|K|45|2
2022-03|28|WOJ. WARMIÑSKO-MAZURSKIE|K|25|18
2022-03|28|WOJ. WARMIÑSKO-MAZURSKIE|K|23|12
2022-03|28|WOJ. WARMIÑSKO-MAZURSKIE|K|33|5
2022-03|28|WOJ. WARMIÑSKO-MAZURSKIE|K|34|8
2022-03|28|WOJ. WARMIÑSKO-MAZURSKIE|K|46|4
2022-03|28|WOJ. WARMIÑSKO-MAZURSKIE|K|22|19
2022-03|28|WOJ. WARMIÑSKO-MAZURSKIE|K|58|3
2022-03|28|WOJ. WARMIÑSKO-MAZURSKIE|K|62|1
2022-03|28|WOJ. WARMIÑSKO-MAZURSKIE|K|26|9
2022-03|28|WOJ. WARMIÑSKO-MAZURSKIE|K|31|10
2022-03|28|WOJ. WARMIÑSKO-MAZURSKIE|K|44|6
2022-03|28|WOJ. WARMIÑSKO-MAZURSKIE|K|51|5
2022-03|28|WOJ. WARMIÑSKO-MAZURSKIE|K|41|3
2022-03|28|WOJ. WARMIÑSKO-MAZURSKIE|K|55|1
2022-03|28|WOJ. WARMIÑSKO-MAZURSKIE|K|18|141
2022-03|28|WOJ. WARMIÑSKO-MAZURSKIE|K|28|13
2022-03|28|WOJ. WARMIÑSKO-MAZURSKIE|K|53|2
2022-03|28|WOJ. WARMIÑSKO-MAZURSKIE|K|56|1
2022-03|28|WOJ. WARMIÑSKO-MAZURSKIE|K|42|3
2022-03|28|WOJ. WARMIÑSKO-MAZURSKIE|K|52|2
2022-03|28|WOJ. WARMIÑSKO-MAZURSKIE|K|38|6
2022-03|28|WOJ. WARMIÑSKO-MAZURSKIE|K|27|12
2022-03|28|WOJ. WARMIÑSKO-MAZURSKIE|K|63|1
2022-03|28|WOJ. WARMIÑSKO-MAZURSKIE|K|40|1
2022-03|28|WOJ. WARMIÑSKO-MAZURSKIE|M|50|1
2022-03|28|WOJ. WARMIÑSKO-MAZURSKIE|M|25|5
2022-03|28|WOJ. WARMIÑSKO-MAZURSKIE|M|18|149
2022-03|28|WOJ. WARMIÑSKO-MAZURSKIE|M|36|7
2022-03|28|WOJ. WARMIÑSKO-MAZURSKIE|M|43|2
2022-03|28|WOJ. WARMIÑSKO-MAZURSKIE|M|30|8
2022-03|28|WOJ. WARMIÑSKO-MAZURSKIE|M|20|40
2022-03|28|WOJ. WARMIÑSKO-MAZURSKIE|M|33|6
2022-03|28|WOJ. WARMIÑSKO-MAZURSKIE|M|39|3
2022-03|28|WOJ. WARMIÑSKO-MAZURSKIE|M|16|1
2022-03|28|WOJ. WARMIÑSKO-MAZURSKIE|M|49|2
2022-03|28|WOJ. WARMIÑSKO-MAZURSKIE|M|40|3
2022-03|28|WOJ. WARMIÑSKO-MAZURSKIE|M|32|9
2022-03|28|WOJ. WARMIÑSKO-MAZURSKIE|M|48|2
2022-03|28|WOJ. WARMIÑSKO-MAZURSKIE|M|54|1
2022-03|28|WOJ. WARMIÑSKO-MAZURSKIE|M|28|4
2022-03|28|WOJ. WARMIÑSKO-MAZURSKIE|M|21|15
2022-03|28|WOJ. WARMIÑSKO-MAZURSKIE|M|47|2
2022-03|28|WOJ. WARMIÑSKO-MAZURSKIE|M|26|8
2022-03|28|WOJ. WARMIÑSKO-MAZURSKIE|M|19|169
2022-03|28|WOJ. WARMIÑSKO-MAZURSKIE|M|17|10
2022-03|28|WOJ. WARMIÑSKO-MAZURSKIE|M|22|13
2022-03|28|WOJ. WARMIÑSKO-MAZURSKIE|M|46|4
2022-03|28|WOJ. WARMIÑSKO-MAZURSKIE|M|24|6
2022-03|28|WOJ. WARMIÑSKO-MAZURSKIE|M|29|4
2022-03|28|WOJ. WARMIÑSKO-MAZURSKIE|M|27|4
2022-03|28|WOJ. WARMIÑSKO-MAZURSKIE|M|51|1
2022-03|28|WOJ. WARMIÑSKO-MAZURSKIE|M|37|2
2022-03|28|WOJ. WARMIÑSKO-MAZURSKIE|M|23|10
2022-03|28|WOJ. WARMIÑSKO-MAZURSKIE|M|38|2
2022-03|28|WOJ. WARMIÑSKO-MAZURSKIE|M|35|5
2022-03|28|WOJ. WARMIÑSKO-MAZURSKIE|M|44|1
2022-03|28|WOJ. WARMIÑSKO-MAZURSKIE|M|42|1
2022-03|28|WOJ. WARMIÑSKO-MAZURSKIE|M|31|4
2022-03|28|WOJ. WARMIÑSKO-MAZURSKIE|M|34|5
2022-03|28|WOJ. WARMIÑSKO-MAZURSKIE|M|41|1
2022-03|30|WOJ. WIELKOPOLSKIE|K|30|30
2022-03|30|WOJ. WIELKOPOLSKIE|K|48|6
2022-03|30|WOJ. WIELKOPOLSKIE|K|34|24
2022-03|30|WOJ. WIELKOPOLSKIE|K|44|3
2022-03|30|WOJ. WIELKOPOLSKIE|K|17|2
2022-03|30|WOJ. WIELKOPOLSKIE|K|27|28
2022-03|30|WOJ. WIELKOPOLSKIE|K|37|13
2022-03|30|WOJ. WIELKOPOLSKIE|K|73|1
2022-03|30|WOJ. WIELKOPOLSKIE|K|43|8
2022-03|30|WOJ. WIELKOPOLSKIE|K|26|36
2022-03|30|WOJ. WIELKOPOLSKIE|K|29|28
2022-03|30|WOJ. WIELKOPOLSKIE|K|55|4
2022-03|30|WOJ. WIELKOPOLSKIE|K|41|10
2022-03|30|WOJ. WIELKOPOLSKIE|K|33|18
2022-03|30|WOJ. WIELKOPOLSKIE|K|45|10
2022-03|30|WOJ. WIELKOPOLSKIE|K|25|36
2022-03|30|WOJ. WIELKOPOLSKIE|K|46|8
2022-03|30|WOJ. WIELKOPOLSKIE|K|16|2
2022-03|30|WOJ. WIELKOPOLSKIE|K|50|8
2022-03|30|WOJ. WIELKOPOLSKIE|K|40|15
2022-03|30|WOJ. WIELKOPOLSKIE|K|14|1
2022-03|30|WOJ. WIELKOPOLSKIE|K|54|3
2022-03|30|WOJ. WIELKOPOLSKIE|K|61|2
2022-03|30|WOJ. WIELKOPOLSKIE|K|39|14
2022-03|30|WOJ. WIELKOPOLSKIE|K|23|35
2022-03|30|WOJ. WIELKOPOLSKIE|K|36|17
2022-03|30|WOJ. WIELKOPOLSKIE|K|38|11
2022-03|30|WOJ. WIELKOPOLSKIE|K|57|3
2022-03|30|WOJ. WIELKOPOLSKIE|K|47|6
2022-03|30|WOJ. WIELKOPOLSKIE|K|63|1
2022-03|30|WOJ. WIELKOPOLSKIE|K|35|14
2022-03|30|WOJ. WIELKOPOLSKIE|K|32|19
2022-03|30|WOJ. WIELKOPOLSKIE|K|21|59
2022-03|30|WOJ. WIELKOPOLSKIE|K|52|5
2022-03|30|WOJ. WIELKOPOLSKIE|K|42|11
2022-03|30|WOJ. WIELKOPOLSKIE|K|31|22
2022-03|30|WOJ. WIELKOPOLSKIE|K|19|547
2022-03|30|WOJ. WIELKOPOLSKIE|K|22|49
2022-03|30|WOJ. WIELKOPOLSKIE|K|51|3
2022-03|30|WOJ. WIELKOPOLSKIE|K|56|2
2022-03|30|WOJ. WIELKOPOLSKIE|K|58|2
2022-03|30|WOJ. WIELKOPOLSKIE|K|18|389
2022-03|30|WOJ. WIELKOPOLSKIE|K|20|129
2022-03|30|WOJ. WIELKOPOLSKIE|K|49|6
2022-03|30|WOJ. WIELKOPOLSKIE|K|28|41
2022-03|30|WOJ. WIELKOPOLSKIE|K|24|41
2022-03|30|WOJ. WIELKOPOLSKIE|M|34|18
2022-03|30|WOJ. WIELKOPOLSKIE|M|47|6
2022-03|30|WOJ. WIELKOPOLSKIE|M|27|20
2022-03|30|WOJ. WIELKOPOLSKIE|M|16|31
2022-03|30|WOJ. WIELKOPOLSKIE|M|50|3
2022-03|30|WOJ. WIELKOPOLSKIE|M|17|26
2022-03|30|WOJ. WIELKOPOLSKIE|M|20|121
2022-03|30|WOJ. WIELKOPOLSKIE|M|29|12
2022-03|30|WOJ. WIELKOPOLSKIE|M|21|71
2022-03|30|WOJ. WIELKOPOLSKIE|M|22|41
2022-03|30|WOJ. WIELKOPOLSKIE|M|39|9
2022-03|30|WOJ. WIELKOPOLSKIE|M|44|3
2022-03|30|WOJ. WIELKOPOLSKIE|M|26|23
2022-03|30|WOJ. WIELKOPOLSKIE|M|35|13
2022-03|30|WOJ. WIELKOPOLSKIE|M|40|11
2022-03|30|WOJ. WIELKOPOLSKIE|M|41|5
2022-03|30|WOJ. WIELKOPOLSKIE|M|14|2
2022-03|30|WOJ. WIELKOPOLSKIE|M|33|8
2022-03|30|WOJ. WIELKOPOLSKIE|M|38|16
2022-03|30|WOJ. WIELKOPOLSKIE|M|42|4
2022-03|30|WOJ. WIELKOPOLSKIE|M|48|1
2022-03|30|WOJ. WIELKOPOLSKIE|M|30|17
2022-03|30|WOJ. WIELKOPOLSKIE|M|36|11
2022-03|30|WOJ. WIELKOPOLSKIE|M|37|8
2022-03|30|WOJ. WIELKOPOLSKIE|M|24|15
2022-03|30|WOJ. WIELKOPOLSKIE|M|54|1
2022-03|30|WOJ. WIELKOPOLSKIE|M|67|1
2022-03|30|WOJ. WIELKOPOLSKIE|M|18|388
2022-03|30|WOJ. WIELKOPOLSKIE|M|28|19
2022-03|30|WOJ. WIELKOPOLSKIE|M|23|18
2022-03|30|WOJ. WIELKOPOLSKIE|M|32|19
2022-03|30|WOJ. WIELKOPOLSKIE|M|31|15
2022-03|30|WOJ. WIELKOPOLSKIE|M|49|2
2022-03|30|WOJ. WIELKOPOLSKIE|M|45|1
2022-03|30|WOJ. WIELKOPOLSKIE|M|43|2
2022-03|30|WOJ. WIELKOPOLSKIE|M|25|17
2022-03|30|WOJ. WIELKOPOLSKIE|M|46|3
2022-03|30|WOJ. WIELKOPOLSKIE|M|19|563
2022-03|30|WOJ. WIELKOPOLSKIE|M|15|9
2022-03|32|WOJ. ZACHODNIOPOMORSKIE|K|49|2
2022-03|32|WOJ. ZACHODNIOPOMORSKIE|K|43|8
2022-03|32|WOJ. ZACHODNIOPOMORSKIE|K|52|1
2022-03|32|WOJ. ZACHODNIOPOMORSKIE|K|59|1
2022-03|32|WOJ. ZACHODNIOPOMORSKIE|K|33|8
2022-03|32|WOJ. ZACHODNIOPOMORSKIE|K|41|7
2022-03|32|WOJ. ZACHODNIOPOMORSKIE|K|37|10
2022-03|32|WOJ. ZACHODNIOPOMORSKIE|K|54|2
2022-03|32|WOJ. ZACHODNIOPOMORSKIE|K|48|2
2022-03|32|WOJ. ZACHODNIOPOMORSKIE|K|61|1
2022-03|32|WOJ. ZACHODNIOPOMORSKIE|K|51|2
2022-03|32|WOJ. ZACHODNIOPOMORSKIE|K|32|13
2022-03|32|WOJ. ZACHODNIOPOMORSKIE|K|39|4
2022-03|32|WOJ. ZACHODNIOPOMORSKIE|K|60|1
2022-03|32|WOJ. ZACHODNIOPOMORSKIE|K|26|17
2022-03|32|WOJ. ZACHODNIOPOMORSKIE|K|44|7
2022-03|32|WOJ. ZACHODNIOPOMORSKIE|K|30|12
2022-03|32|WOJ. ZACHODNIOPOMORSKIE|K|63|1
2022-03|32|WOJ. ZACHODNIOPOMORSKIE|K|46|3
2022-03|32|WOJ. ZACHODNIOPOMORSKIE|K|56|1
2022-03|32|WOJ. ZACHODNIOPOMORSKIE|K|19|188
2022-03|32|WOJ. ZACHODNIOPOMORSKIE|K|21|36
2022-03|32|WOJ. ZACHODNIOPOMORSKIE|K|25|15
2022-03|32|WOJ. ZACHODNIOPOMORSKIE|K|31|14
2022-03|32|WOJ. ZACHODNIOPOMORSKIE|K|20|56
2022-03|32|WOJ. ZACHODNIOPOMORSKIE|K|29|12
2022-03|32|WOJ. ZACHODNIOPOMORSKIE|K|57|2
2022-03|32|WOJ. ZACHODNIOPOMORSKIE|K|50|3
2022-03|32|WOJ. ZACHODNIOPOMORSKIE|K|22|23
2022-03|32|WOJ. ZACHODNIOPOMORSKIE|K|34|12
2022-03|32|WOJ. ZACHODNIOPOMORSKIE|K|23|29
2022-03|32|WOJ. ZACHODNIOPOMORSKIE|K|35|14
2022-03|32|WOJ. ZACHODNIOPOMORSKIE|K|40|1
2022-03|32|WOJ. ZACHODNIOPOMORSKIE|K|18|84
2022-03|32|WOJ. ZACHODNIOPOMORSKIE|K|38|7
2022-03|32|WOJ. ZACHODNIOPOMORSKIE|K|47|6
2022-03|32|WOJ. ZACHODNIOPOMORSKIE|K|27|15
2022-03|32|WOJ. ZACHODNIOPOMORSKIE|K|45|4
2022-03|32|WOJ. ZACHODNIOPOMORSKIE|K|58|2
2022-03|32|WOJ. ZACHODNIOPOMORSKIE|K|42|5
2022-03|32|WOJ. ZACHODNIOPOMORSKIE|K|53|1
2022-03|32|WOJ. ZACHODNIOPOMORSKIE|K|24|20
2022-03|32|WOJ. ZACHODNIOPOMORSKIE|K|28|17
2022-03|32|WOJ. ZACHODNIOPOMORSKIE|K|36|9
2022-03|32|WOJ. ZACHODNIOPOMORSKIE|M|24|6
2022-03|32|WOJ. ZACHODNIOPOMORSKIE|M|40|5
2022-03|32|WOJ. ZACHODNIOPOMORSKIE|M|30|13
2022-03|32|WOJ. ZACHODNIOPOMORSKIE|M|17|1
2022-03|32|WOJ. ZACHODNIOPOMORSKIE|M|34|9
2022-03|32|WOJ. ZACHODNIOPOMORSKIE|M|38|4
2022-03|32|WOJ. ZACHODNIOPOMORSKIE|M|26|14
2022-03|32|WOJ. ZACHODNIOPOMORSKIE|M|43|3
2022-03|32|WOJ. ZACHODNIOPOMORSKIE|M|37|9
2022-03|32|WOJ. ZACHODNIOPOMORSKIE|M|20|54
2022-03|32|WOJ. ZACHODNIOPOMORSKIE|M|31|7
2022-03|32|WOJ. ZACHODNIOPOMORSKIE|M|23|15
2022-03|32|WOJ. ZACHODNIOPOMORSKIE|M|42|1
2022-03|32|WOJ. ZACHODNIOPOMORSKIE|M|49|2
2022-03|32|WOJ. ZACHODNIOPOMORSKIE|M|45|6
2022-03|32|WOJ. ZACHODNIOPOMORSKIE|M|18|103
2022-03|32|WOJ. ZACHODNIOPOMORSKIE|M|33|8
2022-03|32|WOJ. ZACHODNIOPOMORSKIE|M|59|1
2022-03|32|WOJ. ZACHODNIOPOMORSKIE|M|48|1
2022-03|32|WOJ. ZACHODNIOPOMORSKIE|M|32|6
2022-03|32|WOJ. ZACHODNIOPOMORSKIE|M|19|255
2022-03|32|WOJ. ZACHODNIOPOMORSKIE|M|28|11
2022-03|32|WOJ. ZACHODNIOPOMORSKIE|M|25|16
2022-03|32|WOJ. ZACHODNIOPOMORSKIE|M|44|3
2022-03|32|WOJ. ZACHODNIOPOMORSKIE|M|27|11
2022-03|32|WOJ. ZACHODNIOPOMORSKIE|M|22|14
2022-03|32|WOJ. ZACHODNIOPOMORSKIE|M|39|4
2022-03|32|WOJ. ZACHODNIOPOMORSKIE|M|29|4
2022-03|32|WOJ. ZACHODNIOPOMORSKIE|M|54|1
2022-03|32|WOJ. ZACHODNIOPOMORSKIE|M|21|37
2022-03|32|WOJ. ZACHODNIOPOMORSKIE|M|36|3
2022-03|32|WOJ. ZACHODNIOPOMORSKIE|M|41|2
2022-03|32|WOJ. ZACHODNIOPOMORSKIE|M|53|2
2022-03|32|WOJ. ZACHODNIOPOMORSKIE|M|35|3
2022-03|32|WOJ. ZACHODNIOPOMORSKIE|M|16|1
2022-03|32|WOJ. ZACHODNIOPOMORSKIE|M|46|2
