DATA_MC|KOD_WOJ|NAME|PLEC|WIEK|LICZBA
2020-02|02|WOJ. DOLNOŒL¥SKIE|K|62|2
2020-02|02|WOJ. DOLNOŒL¥SKIE|K|21|54
2020-02|02|WOJ. DOLNOŒL¥SKIE|K|37|17
2020-02|02|WOJ. DOLNOŒL¥SKIE|K|47|3
2020-02|02|WOJ. DOLNOŒL¥SKIE|K|41|7
2020-02|02|WOJ. DOLNOŒL¥SKIE|K|57|4
2020-02|02|WOJ. DOLNOŒL¥SKIE|K|26|27
2020-02|02|WOJ. DOLNOŒL¥SKIE|K|27|33
2020-02|02|WOJ. DOLNOŒL¥SKIE|K|20|69
2020-02|02|WOJ. DOLNOŒL¥SKIE|K|35|30
2020-02|02|WOJ. DOLNOŒL¥SKIE|K|30|27
2020-02|02|WOJ. DOLNOŒL¥SKIE|K|32|16
2020-02|02|WOJ. DOLNOŒL¥SKIE|K|55|2
2020-02|02|WOJ. DOLNOŒL¥SKIE|K|31|18
2020-02|02|WOJ. DOLNOŒL¥SKIE|K|23|28
2020-02|02|WOJ. DOLNOŒL¥SKIE|K|39|11
2020-02|02|WOJ. DOLNOŒL¥SKIE|K|34|24
2020-02|02|WOJ. DOLNOŒL¥SKIE|K|50|7
2020-02|02|WOJ. DOLNOŒL¥SKIE|K|51|4
2020-02|02|WOJ. DOLNOŒL¥SKIE|K|19|315
2020-02|02|WOJ. DOLNOŒL¥SKIE|K|45|9
2020-02|02|WOJ. DOLNOŒL¥SKIE|K|24|38
2020-02|02|WOJ. DOLNOŒL¥SKIE|K|25|37
2020-02|02|WOJ. DOLNOŒL¥SKIE|K|40|11
2020-02|02|WOJ. DOLNOŒL¥SKIE|K|53|4
2020-02|02|WOJ. DOLNOŒL¥SKIE|K|52|4
2020-02|02|WOJ. DOLNOŒL¥SKIE|K|61|1
2020-02|02|WOJ. DOLNOŒL¥SKIE|K|29|26
2020-02|02|WOJ. DOLNOŒL¥SKIE|K|48|5
2020-02|02|WOJ. DOLNOŒL¥SKIE|K|60|1
2020-02|02|WOJ. DOLNOŒL¥SKIE|K|44|5
2020-02|02|WOJ. DOLNOŒL¥SKIE|K|38|15
2020-02|02|WOJ. DOLNOŒL¥SKIE|K|46|1
2020-02|02|WOJ. DOLNOŒL¥SKIE|K|36|14
2020-02|02|WOJ. DOLNOŒL¥SKIE|K|28|30
2020-02|02|WOJ. DOLNOŒL¥SKIE|K|33|19
2020-02|02|WOJ. DOLNOŒL¥SKIE|K|18|98
2020-02|02|WOJ. DOLNOŒL¥SKIE|K|56|4
2020-02|02|WOJ. DOLNOŒL¥SKIE|K|54|3
2020-02|02|WOJ. DOLNOŒL¥SKIE|K|66|1
2020-02|02|WOJ. DOLNOŒL¥SKIE|K|58|1
2020-02|02|WOJ. DOLNOŒL¥SKIE|K|22|28
2020-02|02|WOJ. DOLNOŒL¥SKIE|K|42|8
2020-02|02|WOJ. DOLNOŒL¥SKIE|K|43|9
2020-02|02|WOJ. DOLNOŒL¥SKIE|K|49|6
2020-02|02|WOJ. DOLNOŒL¥SKIE|M|71|1
2020-02|02|WOJ. DOLNOŒL¥SKIE|M|46|5
2020-02|02|WOJ. DOLNOŒL¥SKIE|M|41|11
2020-02|02|WOJ. DOLNOŒL¥SKIE|M|51|2
2020-02|02|WOJ. DOLNOŒL¥SKIE|M|31|17
2020-02|02|WOJ. DOLNOŒL¥SKIE|M|26|20
2020-02|02|WOJ. DOLNOŒL¥SKIE|M|34|18
2020-02|02|WOJ. DOLNOŒL¥SKIE|M|43|3
2020-02|02|WOJ. DOLNOŒL¥SKIE|M|54|2
2020-02|02|WOJ. DOLNOŒL¥SKIE|M|20|69
2020-02|02|WOJ. DOLNOŒL¥SKIE|M|19|393
2020-02|02|WOJ. DOLNOŒL¥SKIE|M|45|5
2020-02|02|WOJ. DOLNOŒL¥SKIE|M|44|7
2020-02|02|WOJ. DOLNOŒL¥SKIE|M|47|4
2020-02|02|WOJ. DOLNOŒL¥SKIE|M|29|13
2020-02|02|WOJ. DOLNOŒL¥SKIE|M|48|1
2020-02|02|WOJ. DOLNOŒL¥SKIE|M|68|1
2020-02|02|WOJ. DOLNOŒL¥SKIE|M|17|9
2020-02|02|WOJ. DOLNOŒL¥SKIE|M|15|1
2020-02|02|WOJ. DOLNOŒL¥SKIE|M|21|40
2020-02|02|WOJ. DOLNOŒL¥SKIE|M|22|26
2020-02|02|WOJ. DOLNOŒL¥SKIE|M|24|22
2020-02|02|WOJ. DOLNOŒL¥SKIE|M|38|7
2020-02|02|WOJ. DOLNOŒL¥SKIE|M|28|9
2020-02|02|WOJ. DOLNOŒL¥SKIE|M|36|12
2020-02|02|WOJ. DOLNOŒL¥SKIE|M|67|1
2020-02|02|WOJ. DOLNOŒL¥SKIE|M|16|4
2020-02|02|WOJ. DOLNOŒL¥SKIE|M|37|18
2020-02|02|WOJ. DOLNOŒL¥SKIE|M|49|2
2020-02|02|WOJ. DOLNOŒL¥SKIE|M|25|25
2020-02|02|WOJ. DOLNOŒL¥SKIE|M|35|16
2020-02|02|WOJ. DOLNOŒL¥SKIE|M|42|10
2020-02|02|WOJ. DOLNOŒL¥SKIE|M|30|15
2020-02|02|WOJ. DOLNOŒL¥SKIE|M|32|15
2020-02|02|WOJ. DOLNOŒL¥SKIE|M|55|1
2020-02|02|WOJ. DOLNOŒL¥SKIE|M|57|2
2020-02|02|WOJ. DOLNOŒL¥SKIE|M|56|1
2020-02|02|WOJ. DOLNOŒL¥SKIE|M|18|143
2020-02|02|WOJ. DOLNOŒL¥SKIE|M|27|25
2020-02|02|WOJ. DOLNOŒL¥SKIE|M|39|9
2020-02|02|WOJ. DOLNOŒL¥SKIE|M|40|7
2020-02|02|WOJ. DOLNOŒL¥SKIE|M|52|1
2020-02|02|WOJ. DOLNOŒL¥SKIE|M|63|1
2020-02|02|WOJ. DOLNOŒL¥SKIE|M|33|7
2020-02|02|WOJ. DOLNOŒL¥SKIE|M|23|24
2020-02|02|WOJ. DOLNOŒL¥SKIE|M|69|1
2020-02|02|WOJ. DOLNOŒL¥SKIE|M|59|1
2020-02|04|WOJ. KUJAWSKO-POMORSKIE|K|29|12
2020-02|04|WOJ. KUJAWSKO-POMORSKIE|K|23|22
2020-02|04|WOJ. KUJAWSKO-POMORSKIE|K|44|5
2020-02|04|WOJ. KUJAWSKO-POMORSKIE|K|46|8
2020-02|04|WOJ. KUJAWSKO-POMORSKIE|K|16|1
2020-02|04|WOJ. KUJAWSKO-POMORSKIE|K|33|10
2020-02|04|WOJ. KUJAWSKO-POMORSKIE|K|59|1
2020-02|04|WOJ. KUJAWSKO-POMORSKIE|K|21|29
2020-02|04|WOJ. KUJAWSKO-POMORSKIE|K|43|6
2020-02|04|WOJ. KUJAWSKO-POMORSKIE|K|20|49
2020-02|04|WOJ. KUJAWSKO-POMORSKIE|K|31|14
2020-02|04|WOJ. KUJAWSKO-POMORSKIE|K|57|2
2020-02|04|WOJ. KUJAWSKO-POMORSKIE|K|39|10
2020-02|04|WOJ. KUJAWSKO-POMORSKIE|K|40|2
2020-02|04|WOJ. KUJAWSKO-POMORSKIE|K|32|6
2020-02|04|WOJ. KUJAWSKO-POMORSKIE|K|49|4
2020-02|04|WOJ. KUJAWSKO-POMORSKIE|K|53|2
2020-02|04|WOJ. KUJAWSKO-POMORSKIE|K|19|275
2020-02|04|WOJ. KUJAWSKO-POMORSKIE|K|36|17
2020-02|04|WOJ. KUJAWSKO-POMORSKIE|K|45|7
2020-02|04|WOJ. KUJAWSKO-POMORSKIE|K|37|8
2020-02|04|WOJ. KUJAWSKO-POMORSKIE|K|56|1
2020-02|04|WOJ. KUJAWSKO-POMORSKIE|K|51|3
2020-02|04|WOJ. KUJAWSKO-POMORSKIE|K|48|2
2020-02|04|WOJ. KUJAWSKO-POMORSKIE|K|54|1
2020-02|04|WOJ. KUJAWSKO-POMORSKIE|K|25|18
2020-02|04|WOJ. KUJAWSKO-POMORSKIE|K|24|18
2020-02|04|WOJ. KUJAWSKO-POMORSKIE|K|50|1
2020-02|04|WOJ. KUJAWSKO-POMORSKIE|K|60|1
2020-02|04|WOJ. KUJAWSKO-POMORSKIE|K|26|18
2020-02|04|WOJ. KUJAWSKO-POMORSKIE|K|18|88
2020-02|04|WOJ. KUJAWSKO-POMORSKIE|K|30|13
2020-02|04|WOJ. KUJAWSKO-POMORSKIE|K|27|16
2020-02|04|WOJ. KUJAWSKO-POMORSKIE|K|38|7
2020-02|04|WOJ. KUJAWSKO-POMORSKIE|K|52|4
2020-02|04|WOJ. KUJAWSKO-POMORSKIE|K|41|9
2020-02|04|WOJ. KUJAWSKO-POMORSKIE|K|28|17
2020-02|04|WOJ. KUJAWSKO-POMORSKIE|K|22|15
2020-02|04|WOJ. KUJAWSKO-POMORSKIE|K|35|10
2020-02|04|WOJ. KUJAWSKO-POMORSKIE|K|55|2
2020-02|04|WOJ. KUJAWSKO-POMORSKIE|K|42|8
2020-02|04|WOJ. KUJAWSKO-POMORSKIE|K|47|4
2020-02|04|WOJ. KUJAWSKO-POMORSKIE|K|34|10
2020-02|04|WOJ. KUJAWSKO-POMORSKIE|M|27|9
2020-02|04|WOJ. KUJAWSKO-POMORSKIE|M|33|6
2020-02|04|WOJ. KUJAWSKO-POMORSKIE|M|60|1
2020-02|04|WOJ. KUJAWSKO-POMORSKIE|M|38|8
2020-02|04|WOJ. KUJAWSKO-POMORSKIE|M|43|4
2020-02|04|WOJ. KUJAWSKO-POMORSKIE|M|26|11
2020-02|04|WOJ. KUJAWSKO-POMORSKIE|M|37|8
2020-02|04|WOJ. KUJAWSKO-POMORSKIE|M|48|2
2020-02|04|WOJ. KUJAWSKO-POMORSKIE|M|15|1
2020-02|04|WOJ. KUJAWSKO-POMORSKIE|M|28|14
2020-02|04|WOJ. KUJAWSKO-POMORSKIE|M|31|11
2020-02|04|WOJ. KUJAWSKO-POMORSKIE|M|17|12
2020-02|04|WOJ. KUJAWSKO-POMORSKIE|M|29|12
2020-02|04|WOJ. KUJAWSKO-POMORSKIE|M|20|61
2020-02|04|WOJ. KUJAWSKO-POMORSKIE|M|24|17
2020-02|04|WOJ. KUJAWSKO-POMORSKIE|M|36|8
2020-02|04|WOJ. KUJAWSKO-POMORSKIE|M|54|1
2020-02|04|WOJ. KUJAWSKO-POMORSKIE|M|25|14
2020-02|04|WOJ. KUJAWSKO-POMORSKIE|M|21|38
2020-02|04|WOJ. KUJAWSKO-POMORSKIE|M|46|2
2020-02|04|WOJ. KUJAWSKO-POMORSKIE|M|19|272
2020-02|04|WOJ. KUJAWSKO-POMORSKIE|M|23|21
2020-02|04|WOJ. KUJAWSKO-POMORSKIE|M|49|1
2020-02|04|WOJ. KUJAWSKO-POMORSKIE|M|50|1
2020-02|04|WOJ. KUJAWSKO-POMORSKIE|M|39|4
2020-02|04|WOJ. KUJAWSKO-POMORSKIE|M|44|6
2020-02|04|WOJ. KUJAWSKO-POMORSKIE|M|57|2
2020-02|04|WOJ. KUJAWSKO-POMORSKIE|M|34|9
2020-02|04|WOJ. KUJAWSKO-POMORSKIE|M|35|14
2020-02|04|WOJ. KUJAWSKO-POMORSKIE|M|32|12
2020-02|04|WOJ. KUJAWSKO-POMORSKIE|M|41|6
2020-02|04|WOJ. KUJAWSKO-POMORSKIE|M|42|1
2020-02|04|WOJ. KUJAWSKO-POMORSKIE|M|40|7
2020-02|04|WOJ. KUJAWSKO-POMORSKIE|M|18|145
2020-02|04|WOJ. KUJAWSKO-POMORSKIE|M|22|27
2020-02|04|WOJ. KUJAWSKO-POMORSKIE|M|30|12
2020-02|04|WOJ. KUJAWSKO-POMORSKIE|M|16|2
2020-02|04|WOJ. KUJAWSKO-POMORSKIE|M|45|4
2020-02|06|WOJ. LUBELSKIE|K|43|2
2020-02|06|WOJ. LUBELSKIE|K|27|20
2020-02|06|WOJ. LUBELSKIE|K|61|1
2020-02|06|WOJ. LUBELSKIE|K|59|3
2020-02|06|WOJ. LUBELSKIE|K|20|46
2020-02|06|WOJ. LUBELSKIE|K|30|11
2020-02|06|WOJ. LUBELSKIE|K|41|4
2020-02|06|WOJ. LUBELSKIE|K|66|1
2020-02|06|WOJ. LUBELSKIE|K|62|2
2020-02|06|WOJ. LUBELSKIE|K|32|11
2020-02|06|WOJ. LUBELSKIE|K|26|22
2020-02|06|WOJ. LUBELSKIE|K|23|28
2020-02|06|WOJ. LUBELSKIE|K|31|15
2020-02|06|WOJ. LUBELSKIE|K|21|29
2020-02|06|WOJ. LUBELSKIE|K|33|15
2020-02|06|WOJ. LUBELSKIE|K|42|4
2020-02|06|WOJ. LUBELSKIE|K|50|2
2020-02|06|WOJ. LUBELSKIE|K|63|1
2020-02|06|WOJ. LUBELSKIE|K|24|14
2020-02|06|WOJ. LUBELSKIE|K|29|13
2020-02|06|WOJ. LUBELSKIE|K|58|3
2020-02|06|WOJ. LUBELSKIE|K|34|8
2020-02|06|WOJ. LUBELSKIE|K|40|8
2020-02|06|WOJ. LUBELSKIE|K|56|2
2020-02|06|WOJ. LUBELSKIE|K|39|6
2020-02|06|WOJ. LUBELSKIE|K|57|2
2020-02|06|WOJ. LUBELSKIE|K|47|4
2020-02|06|WOJ. LUBELSKIE|K|44|4
2020-02|06|WOJ. LUBELSKIE|K|35|6
2020-02|06|WOJ. LUBELSKIE|K|45|5
2020-02|06|WOJ. LUBELSKIE|K|28|14
2020-02|06|WOJ. LUBELSKIE|K|38|6
2020-02|06|WOJ. LUBELSKIE|K|53|1
2020-02|06|WOJ. LUBELSKIE|K|52|2
2020-02|06|WOJ. LUBELSKIE|K|18|174
2020-02|06|WOJ. LUBELSKIE|K|37|6
2020-02|06|WOJ. LUBELSKIE|K|22|24
2020-02|06|WOJ. LUBELSKIE|K|36|9
2020-02|06|WOJ. LUBELSKIE|K|25|22
2020-02|06|WOJ. LUBELSKIE|K|46|3
2020-02|06|WOJ. LUBELSKIE|K|48|2
2020-02|06|WOJ. LUBELSKIE|K|51|2
2020-02|06|WOJ. LUBELSKIE|K|60|1
2020-02|06|WOJ. LUBELSKIE|K|19|246
2020-02|06|WOJ. LUBELSKIE|K|49|5
2020-02|06|WOJ. LUBELSKIE|M|21|23
2020-02|06|WOJ. LUBELSKIE|M|24|14
2020-02|06|WOJ. LUBELSKIE|M|32|5
2020-02|06|WOJ. LUBELSKIE|M|41|4
2020-02|06|WOJ. LUBELSKIE|M|45|1
2020-02|06|WOJ. LUBELSKIE|M|20|45
2020-02|06|WOJ. LUBELSKIE|M|33|10
2020-02|06|WOJ. LUBELSKIE|M|16|2
2020-02|06|WOJ. LUBELSKIE|M|25|14
2020-02|06|WOJ. LUBELSKIE|M|39|3
2020-02|06|WOJ. LUBELSKIE|M|40|2
2020-02|06|WOJ. LUBELSKIE|M|27|17
2020-02|06|WOJ. LUBELSKIE|M|36|7
2020-02|06|WOJ. LUBELSKIE|M|29|9
2020-02|06|WOJ. LUBELSKIE|M|23|17
2020-02|06|WOJ. LUBELSKIE|M|43|1
2020-02|06|WOJ. LUBELSKIE|M|57|1
2020-02|06|WOJ. LUBELSKIE|M|34|4
2020-02|06|WOJ. LUBELSKIE|M|37|7
2020-02|06|WOJ. LUBELSKIE|M|44|2
2020-02|06|WOJ. LUBELSKIE|M|53|2
2020-02|06|WOJ. LUBELSKIE|M|38|10
2020-02|06|WOJ. LUBELSKIE|M|22|16
2020-02|06|WOJ. LUBELSKIE|M|30|4
2020-02|06|WOJ. LUBELSKIE|M|17|8
2020-02|06|WOJ. LUBELSKIE|M|56|1
2020-02|06|WOJ. LUBELSKIE|M|42|3
2020-02|06|WOJ. LUBELSKIE|M|18|219
2020-02|06|WOJ. LUBELSKIE|M|19|284
2020-02|06|WOJ. LUBELSKIE|M|35|4
2020-02|06|WOJ. LUBELSKIE|M|50|1
2020-02|06|WOJ. LUBELSKIE|M|31|10
2020-02|06|WOJ. LUBELSKIE|M|28|7
2020-02|06|WOJ. LUBELSKIE|M|46|3
2020-02|06|WOJ. LUBELSKIE|M|26|15
2020-02|08|WOJ. LUBUSKIE|K|47|2
2020-02|08|WOJ. LUBUSKIE|K|27|9
2020-02|08|WOJ. LUBUSKIE|K|20|31
2020-02|08|WOJ. LUBUSKIE|K|62|2
2020-02|08|WOJ. LUBUSKIE|K|34|3
2020-02|08|WOJ. LUBUSKIE|K|26|6
2020-02|08|WOJ. LUBUSKIE|K|33|8
2020-02|08|WOJ. LUBUSKIE|K|51|1
2020-02|08|WOJ. LUBUSKIE|K|36|4
2020-02|08|WOJ. LUBUSKIE|K|50|4
2020-02|08|WOJ. LUBUSKIE|K|44|2
2020-02|08|WOJ. LUBUSKIE|K|52|2
2020-02|08|WOJ. LUBUSKIE|K|42|1
2020-02|08|WOJ. LUBUSKIE|K|35|5
2020-02|08|WOJ. LUBUSKIE|K|43|5
2020-02|08|WOJ. LUBUSKIE|K|32|5
2020-02|08|WOJ. LUBUSKIE|K|18|31
2020-02|08|WOJ. LUBUSKIE|K|25|10
2020-02|08|WOJ. LUBUSKIE|K|38|5
2020-02|08|WOJ. LUBUSKIE|K|21|14
2020-02|08|WOJ. LUBUSKIE|K|37|3
2020-02|08|WOJ. LUBUSKIE|K|22|12
2020-02|08|WOJ. LUBUSKIE|K|24|4
2020-02|08|WOJ. LUBUSKIE|K|29|5
2020-02|08|WOJ. LUBUSKIE|K|31|7
2020-02|08|WOJ. LUBUSKIE|K|39|5
2020-02|08|WOJ. LUBUSKIE|K|40|4
2020-02|08|WOJ. LUBUSKIE|K|41|3
2020-02|08|WOJ. LUBUSKIE|K|28|3
2020-02|08|WOJ. LUBUSKIE|K|45|2
2020-02|08|WOJ. LUBUSKIE|K|23|8
2020-02|08|WOJ. LUBUSKIE|K|57|2
2020-02|08|WOJ. LUBUSKIE|K|30|1
2020-02|08|WOJ. LUBUSKIE|K|53|2
2020-02|08|WOJ. LUBUSKIE|K|66|1
2020-02|08|WOJ. LUBUSKIE|K|46|3
2020-02|08|WOJ. LUBUSKIE|K|19|136
2020-02|08|WOJ. LUBUSKIE|M|40|3
2020-02|08|WOJ. LUBUSKIE|M|28|11
2020-02|08|WOJ. LUBUSKIE|M|20|23
2020-02|08|WOJ. LUBUSKIE|M|31|5
2020-02|08|WOJ. LUBUSKIE|M|46|2
2020-02|08|WOJ. LUBUSKIE|M|49|1
2020-02|08|WOJ. LUBUSKIE|M|33|4
2020-02|08|WOJ. LUBUSKIE|M|39|2
2020-02|08|WOJ. LUBUSKIE|M|21|13
2020-02|08|WOJ. LUBUSKIE|M|37|4
2020-02|08|WOJ. LUBUSKIE|M|30|3
2020-02|08|WOJ. LUBUSKIE|M|62|1
2020-02|08|WOJ. LUBUSKIE|M|36|6
2020-02|08|WOJ. LUBUSKIE|M|18|61
2020-02|08|WOJ. LUBUSKIE|M|26|7
2020-02|08|WOJ. LUBUSKIE|M|51|1
2020-02|08|WOJ. LUBUSKIE|M|35|6
2020-02|08|WOJ. LUBUSKIE|M|22|6
2020-02|08|WOJ. LUBUSKIE|M|47|1
2020-02|08|WOJ. LUBUSKIE|M|24|9
2020-02|08|WOJ. LUBUSKIE|M|25|15
2020-02|08|WOJ. LUBUSKIE|M|32|4
2020-02|08|WOJ. LUBUSKIE|M|44|2
2020-02|08|WOJ. LUBUSKIE|M|42|2
2020-02|08|WOJ. LUBUSKIE|M|27|9
2020-02|08|WOJ. LUBUSKIE|M|19|130
2020-02|08|WOJ. LUBUSKIE|M|38|4
2020-02|08|WOJ. LUBUSKIE|M|41|5
2020-02|08|WOJ. LUBUSKIE|M|23|7
2020-02|08|WOJ. LUBUSKIE|M|29|7
2020-02|08|WOJ. LUBUSKIE|M|34|2
2020-02|08|WOJ. LUBUSKIE|M|45|2
2020-02|10|WOJ. £ÓDZKIE|K|19|311
2020-02|10|WOJ. £ÓDZKIE|K|18|145
2020-02|10|WOJ. £ÓDZKIE|K|53|3
2020-02|10|WOJ. £ÓDZKIE|K|30|12
2020-02|10|WOJ. £ÓDZKIE|K|34|9
2020-02|10|WOJ. £ÓDZKIE|K|16|1
2020-02|10|WOJ. £ÓDZKIE|K|54|4
2020-02|10|WOJ. £ÓDZKIE|K|25|17
2020-02|10|WOJ. £ÓDZKIE|K|61|1
2020-02|10|WOJ. £ÓDZKIE|K|43|6
2020-02|10|WOJ. £ÓDZKIE|K|48|3
2020-02|10|WOJ. £ÓDZKIE|K|55|2
2020-02|10|WOJ. £ÓDZKIE|K|57|4
2020-02|10|WOJ. £ÓDZKIE|K|45|3
2020-02|10|WOJ. £ÓDZKIE|K|44|7
2020-02|10|WOJ. £ÓDZKIE|K|22|19
2020-02|10|WOJ. £ÓDZKIE|K|23|22
2020-02|10|WOJ. £ÓDZKIE|K|39|7
2020-02|10|WOJ. £ÓDZKIE|K|38|10
2020-02|10|WOJ. £ÓDZKIE|K|32|15
2020-02|10|WOJ. £ÓDZKIE|K|60|1
2020-02|10|WOJ. £ÓDZKIE|K|56|3
2020-02|10|WOJ. £ÓDZKIE|K|41|13
2020-02|10|WOJ. £ÓDZKIE|K|28|21
2020-02|10|WOJ. £ÓDZKIE|K|36|12
2020-02|10|WOJ. £ÓDZKIE|K|42|4
2020-02|10|WOJ. £ÓDZKIE|K|52|3
2020-02|10|WOJ. £ÓDZKIE|K|33|8
2020-02|10|WOJ. £ÓDZKIE|K|26|25
2020-02|10|WOJ. £ÓDZKIE|K|29|14
2020-02|10|WOJ. £ÓDZKIE|K|49|2
2020-02|10|WOJ. £ÓDZKIE|K|51|2
2020-02|10|WOJ. £ÓDZKIE|K|40|4
2020-02|10|WOJ. £ÓDZKIE|K|46|2
2020-02|10|WOJ. £ÓDZKIE|K|64|2
2020-02|10|WOJ. £ÓDZKIE|K|37|8
2020-02|10|WOJ. £ÓDZKIE|K|20|47
2020-02|10|WOJ. £ÓDZKIE|K|21|26
2020-02|10|WOJ. £ÓDZKIE|K|27|21
2020-02|10|WOJ. £ÓDZKIE|K|24|15
2020-02|10|WOJ. £ÓDZKIE|K|31|13
2020-02|10|WOJ. £ÓDZKIE|K|50|2
2020-02|10|WOJ. £ÓDZKIE|K|47|2
2020-02|10|WOJ. £ÓDZKIE|K|59|1
2020-02|10|WOJ. £ÓDZKIE|K|35|15
2020-02|10|WOJ. £ÓDZKIE|M|37|3
2020-02|10|WOJ. £ÓDZKIE|M|47|1
2020-02|10|WOJ. £ÓDZKIE|M|50|1
2020-02|10|WOJ. £ÓDZKIE|M|26|13
2020-02|10|WOJ. £ÓDZKIE|M|34|7
2020-02|10|WOJ. £ÓDZKIE|M|30|13
2020-02|10|WOJ. £ÓDZKIE|M|40|4
2020-02|10|WOJ. £ÓDZKIE|M|49|2
2020-02|10|WOJ. £ÓDZKIE|M|45|1
2020-02|10|WOJ. £ÓDZKIE|M|22|16
2020-02|10|WOJ. £ÓDZKIE|M|27|14
2020-02|10|WOJ. £ÓDZKIE|M|23|10
2020-02|10|WOJ. £ÓDZKIE|M|46|1
2020-02|10|WOJ. £ÓDZKIE|M|36|6
2020-02|10|WOJ. £ÓDZKIE|M|18|179
2020-02|10|WOJ. £ÓDZKIE|M|20|62
2020-02|10|WOJ. £ÓDZKIE|M|51|1
2020-02|10|WOJ. £ÓDZKIE|M|21|27
2020-02|10|WOJ. £ÓDZKIE|M|25|15
2020-02|10|WOJ. £ÓDZKIE|M|39|3
2020-02|10|WOJ. £ÓDZKIE|M|29|8
2020-02|10|WOJ. £ÓDZKIE|M|19|369
2020-02|10|WOJ. £ÓDZKIE|M|63|1
2020-02|10|WOJ. £ÓDZKIE|M|41|5
2020-02|10|WOJ. £ÓDZKIE|M|32|12
2020-02|10|WOJ. £ÓDZKIE|M|38|6
2020-02|10|WOJ. £ÓDZKIE|M|44|3
2020-02|10|WOJ. £ÓDZKIE|M|35|9
2020-02|10|WOJ. £ÓDZKIE|M|42|5
2020-02|10|WOJ. £ÓDZKIE|M|31|9
2020-02|10|WOJ. £ÓDZKIE|M|48|1
2020-02|10|WOJ. £ÓDZKIE|M|33|7
2020-02|10|WOJ. £ÓDZKIE|M|43|3
2020-02|10|WOJ. £ÓDZKIE|M|28|14
2020-02|10|WOJ. £ÓDZKIE|M|24|16
2020-02|10|WOJ. £ÓDZKIE|M|17|1
2020-02|12|WOJ. MA£OPOLSKIE|K|61|3
2020-02|12|WOJ. MA£OPOLSKIE|K|46|7
2020-02|12|WOJ. MA£OPOLSKIE|K|21|48
2020-02|12|WOJ. MA£OPOLSKIE|K|42|3
2020-02|12|WOJ. MA£OPOLSKIE|K|40|4
2020-02|12|WOJ. MA£OPOLSKIE|K|39|5
2020-02|12|WOJ. MA£OPOLSKIE|K|63|1
2020-02|12|WOJ. MA£OPOLSKIE|K|18|165
2020-02|12|WOJ. MA£OPOLSKIE|K|36|15
2020-02|12|WOJ. MA£OPOLSKIE|K|41|10
2020-02|12|WOJ. MA£OPOLSKIE|K|19|490
2020-02|12|WOJ. MA£OPOLSKIE|K|29|20
2020-02|12|WOJ. MA£OPOLSKIE|K|32|18
2020-02|12|WOJ. MA£OPOLSKIE|K|38|9
2020-02|12|WOJ. MA£OPOLSKIE|K|51|5
2020-02|12|WOJ. MA£OPOLSKIE|K|34|9
2020-02|12|WOJ. MA£OPOLSKIE|K|44|5
2020-02|12|WOJ. MA£OPOLSKIE|K|30|17
2020-02|12|WOJ. MA£OPOLSKIE|K|48|2
2020-02|12|WOJ. MA£OPOLSKIE|K|17|1
2020-02|12|WOJ. MA£OPOLSKIE|K|57|2
2020-02|12|WOJ. MA£OPOLSKIE|K|53|1
2020-02|12|WOJ. MA£OPOLSKIE|K|20|90
2020-02|12|WOJ. MA£OPOLSKIE|K|45|3
2020-02|12|WOJ. MA£OPOLSKIE|K|50|5
2020-02|12|WOJ. MA£OPOLSKIE|K|52|3
2020-02|12|WOJ. MA£OPOLSKIE|K|37|8
2020-02|12|WOJ. MA£OPOLSKIE|K|24|32
2020-02|12|WOJ. MA£OPOLSKIE|K|28|25
2020-02|12|WOJ. MA£OPOLSKIE|K|47|8
2020-02|12|WOJ. MA£OPOLSKIE|K|49|2
2020-02|12|WOJ. MA£OPOLSKIE|K|55|2
2020-02|12|WOJ. MA£OPOLSKIE|K|33|14
2020-02|12|WOJ. MA£OPOLSKIE|K|27|23
2020-02|12|WOJ. MA£OPOLSKIE|K|22|31
2020-02|12|WOJ. MA£OPOLSKIE|K|54|7
2020-02|12|WOJ. MA£OPOLSKIE|K|23|20
2020-02|12|WOJ. MA£OPOLSKIE|K|31|9
2020-02|12|WOJ. MA£OPOLSKIE|K|35|18
2020-02|12|WOJ. MA£OPOLSKIE|K|25|29
2020-02|12|WOJ. MA£OPOLSKIE|K|43|4
2020-02|12|WOJ. MA£OPOLSKIE|K|56|3
2020-02|12|WOJ. MA£OPOLSKIE|K|26|24
2020-02|12|WOJ. MA£OPOLSKIE|M|45|1
2020-02|12|WOJ. MA£OPOLSKIE|M|33|12
2020-02|12|WOJ. MA£OPOLSKIE|M|35|7
2020-02|12|WOJ. MA£OPOLSKIE|M|50|2
2020-02|12|WOJ. MA£OPOLSKIE|M|56|1
2020-02|12|WOJ. MA£OPOLSKIE|M|41|3
2020-02|12|WOJ. MA£OPOLSKIE|M|16|2
2020-02|12|WOJ. MA£OPOLSKIE|M|17|7
2020-02|12|WOJ. MA£OPOLSKIE|M|42|2
2020-02|12|WOJ. MA£OPOLSKIE|M|24|18
2020-02|12|WOJ. MA£OPOLSKIE|M|19|523
2020-02|12|WOJ. MA£OPOLSKIE|M|32|13
2020-02|12|WOJ. MA£OPOLSKIE|M|38|12
2020-02|12|WOJ. MA£OPOLSKIE|M|34|7
2020-02|12|WOJ. MA£OPOLSKIE|M|49|1
2020-02|12|WOJ. MA£OPOLSKIE|M|46|1
2020-02|12|WOJ. MA£OPOLSKIE|M|31|12
2020-02|12|WOJ. MA£OPOLSKIE|M|43|3
2020-02|12|WOJ. MA£OPOLSKIE|M|48|1
2020-02|12|WOJ. MA£OPOLSKIE|M|58|1
2020-02|12|WOJ. MA£OPOLSKIE|M|44|4
2020-02|12|WOJ. MA£OPOLSKIE|M|18|284
2020-02|12|WOJ. MA£OPOLSKIE|M|29|21
2020-02|12|WOJ. MA£OPOLSKIE|M|30|13
2020-02|12|WOJ. MA£OPOLSKIE|M|37|9
2020-02|12|WOJ. MA£OPOLSKIE|M|22|16
2020-02|12|WOJ. MA£OPOLSKIE|M|54|2
2020-02|12|WOJ. MA£OPOLSKIE|M|27|11
2020-02|12|WOJ. MA£OPOLSKIE|M|26|20
2020-02|12|WOJ. MA£OPOLSKIE|M|39|4
2020-02|12|WOJ. MA£OPOLSKIE|M|21|36
2020-02|12|WOJ. MA£OPOLSKIE|M|47|1
2020-02|12|WOJ. MA£OPOLSKIE|M|25|13
2020-02|12|WOJ. MA£OPOLSKIE|M|36|6
2020-02|12|WOJ. MA£OPOLSKIE|M|23|26
2020-02|12|WOJ. MA£OPOLSKIE|M|20|85
2020-02|12|WOJ. MA£OPOLSKIE|M|28|15
2020-02|12|WOJ. MA£OPOLSKIE|M|40|6
2020-02|14|WOJ. MAZOWIECKIE|K|27|39
2020-02|14|WOJ. MAZOWIECKIE|K|43|9
2020-02|14|WOJ. MAZOWIECKIE|K|50|8
2020-02|14|WOJ. MAZOWIECKIE|K|55|6
2020-02|14|WOJ. MAZOWIECKIE|K|17|1
2020-02|14|WOJ. MAZOWIECKIE|K|67|2
2020-02|14|WOJ. MAZOWIECKIE|K|37|23
2020-02|14|WOJ. MAZOWIECKIE|K|34|22
2020-02|14|WOJ. MAZOWIECKIE|K|23|53
2020-02|14|WOJ. MAZOWIECKIE|K|26|57
2020-02|14|WOJ. MAZOWIECKIE|K|45|12
2020-02|14|WOJ. MAZOWIECKIE|K|47|7
2020-02|14|WOJ. MAZOWIECKIE|K|16|1
2020-02|14|WOJ. MAZOWIECKIE|K|59|1
2020-02|14|WOJ. MAZOWIECKIE|K|68|1
2020-02|14|WOJ. MAZOWIECKIE|K|24|40
2020-02|14|WOJ. MAZOWIECKIE|K|49|7
2020-02|14|WOJ. MAZOWIECKIE|K|46|3
2020-02|14|WOJ. MAZOWIECKIE|K|66|1
2020-02|14|WOJ. MAZOWIECKIE|K|29|46
2020-02|14|WOJ. MAZOWIECKIE|K|33|30
2020-02|14|WOJ. MAZOWIECKIE|K|35|30
2020-02|14|WOJ. MAZOWIECKIE|K|21|81
2020-02|14|WOJ. MAZOWIECKIE|K|42|16
2020-02|14|WOJ. MAZOWIECKIE|K|36|26
2020-02|14|WOJ. MAZOWIECKIE|K|63|3
2020-02|14|WOJ. MAZOWIECKIE|K|48|2
2020-02|14|WOJ. MAZOWIECKIE|K|19|621
2020-02|14|WOJ. MAZOWIECKIE|K|30|33
2020-02|14|WOJ. MAZOWIECKIE|K|62|2
2020-02|14|WOJ. MAZOWIECKIE|K|53|1
2020-02|14|WOJ. MAZOWIECKIE|K|57|1
2020-02|14|WOJ. MAZOWIECKIE|K|20|137
2020-02|14|WOJ. MAZOWIECKIE|K|18|248
2020-02|14|WOJ. MAZOWIECKIE|K|41|12
2020-02|14|WOJ. MAZOWIECKIE|K|32|25
2020-02|14|WOJ. MAZOWIECKIE|K|38|16
2020-02|14|WOJ. MAZOWIECKIE|K|51|3
2020-02|14|WOJ. MAZOWIECKIE|K|44|6
2020-02|14|WOJ. MAZOWIECKIE|K|56|2
2020-02|14|WOJ. MAZOWIECKIE|K|39|24
2020-02|14|WOJ. MAZOWIECKIE|K|25|56
2020-02|14|WOJ. MAZOWIECKIE|K|28|44
2020-02|14|WOJ. MAZOWIECKIE|K|54|4
2020-02|14|WOJ. MAZOWIECKIE|K|22|46
2020-02|14|WOJ. MAZOWIECKIE|K|40|20
2020-02|14|WOJ. MAZOWIECKIE|K|31|38
2020-02|14|WOJ. MAZOWIECKIE|K|52|7
2020-02|14|WOJ. MAZOWIECKIE|K|64|1
2020-02|14|WOJ. MAZOWIECKIE|K|60|1
2020-02|14|WOJ. MAZOWIECKIE|M|53|1
2020-02|14|WOJ. MAZOWIECKIE|M|43|4
2020-02|14|WOJ. MAZOWIECKIE|M|51|3
2020-02|14|WOJ. MAZOWIECKIE|M|58|1
2020-02|14|WOJ. MAZOWIECKIE|M|17|16
2020-02|14|WOJ. MAZOWIECKIE|M|20|150
2020-02|14|WOJ. MAZOWIECKIE|M|27|33
2020-02|14|WOJ. MAZOWIECKIE|M|47|9
2020-02|14|WOJ. MAZOWIECKIE|M|34|17
2020-02|14|WOJ. MAZOWIECKIE|M|49|1
2020-02|14|WOJ. MAZOWIECKIE|M|56|1
2020-02|14|WOJ. MAZOWIECKIE|M|37|5
2020-02|14|WOJ. MAZOWIECKIE|M|19|709
2020-02|14|WOJ. MAZOWIECKIE|M|18|378
2020-02|14|WOJ. MAZOWIECKIE|M|44|3
2020-02|14|WOJ. MAZOWIECKIE|M|35|14
2020-02|14|WOJ. MAZOWIECKIE|M|36|12
2020-02|14|WOJ. MAZOWIECKIE|M|41|8
2020-02|14|WOJ. MAZOWIECKIE|M|52|3
2020-02|14|WOJ. MAZOWIECKIE|M|15|1
2020-02|14|WOJ. MAZOWIECKIE|M|23|30
2020-02|14|WOJ. MAZOWIECKIE|M|28|28
2020-02|14|WOJ. MAZOWIECKIE|M|40|4
2020-02|14|WOJ. MAZOWIECKIE|M|24|28
2020-02|14|WOJ. MAZOWIECKIE|M|33|25
2020-02|14|WOJ. MAZOWIECKIE|M|69|1
2020-02|14|WOJ. MAZOWIECKIE|M|54|1
2020-02|14|WOJ. MAZOWIECKIE|M|29|22
2020-02|14|WOJ. MAZOWIECKIE|M|22|45
2020-02|14|WOJ. MAZOWIECKIE|M|38|7
2020-02|14|WOJ. MAZOWIECKIE|M|30|15
2020-02|14|WOJ. MAZOWIECKIE|M|21|68
2020-02|14|WOJ. MAZOWIECKIE|M|32|20
2020-02|14|WOJ. MAZOWIECKIE|M|39|9
2020-02|14|WOJ. MAZOWIECKIE|M|46|2
2020-02|14|WOJ. MAZOWIECKIE|M|50|3
2020-02|14|WOJ. MAZOWIECKIE|M|26|31
2020-02|14|WOJ. MAZOWIECKIE|M|31|24
2020-02|14|WOJ. MAZOWIECKIE|M|48|5
2020-02|14|WOJ. MAZOWIECKIE|M|45|9
2020-02|14|WOJ. MAZOWIECKIE|M|25|35
2020-02|14|WOJ. MAZOWIECKIE|M|42|8
2020-02|16|WOJ. OPOLSKIE|K|36|4
2020-02|16|WOJ. OPOLSKIE|K|18|49
2020-02|16|WOJ. OPOLSKIE|K|32|2
2020-02|16|WOJ. OPOLSKIE|K|30|7
2020-02|16|WOJ. OPOLSKIE|K|51|4
2020-02|16|WOJ. OPOLSKIE|K|22|8
2020-02|16|WOJ. OPOLSKIE|K|24|9
2020-02|16|WOJ. OPOLSKIE|K|40|1
2020-02|16|WOJ. OPOLSKIE|K|33|4
2020-02|16|WOJ. OPOLSKIE|K|23|8
2020-02|16|WOJ. OPOLSKIE|K|31|5
2020-02|16|WOJ. OPOLSKIE|K|27|5
2020-02|16|WOJ. OPOLSKIE|K|55|1
2020-02|16|WOJ. OPOLSKIE|K|57|1
2020-02|16|WOJ. OPOLSKIE|K|39|1
2020-02|16|WOJ. OPOLSKIE|K|50|2
2020-02|16|WOJ. OPOLSKIE|K|17|1
2020-02|16|WOJ. OPOLSKIE|K|45|2
2020-02|16|WOJ. OPOLSKIE|K|26|10
2020-02|16|WOJ. OPOLSKIE|K|19|137
2020-02|16|WOJ. OPOLSKIE|K|37|3
2020-02|16|WOJ. OPOLSKIE|K|44|1
2020-02|16|WOJ. OPOLSKIE|K|41|3
2020-02|16|WOJ. OPOLSKIE|K|56|1
2020-02|16|WOJ. OPOLSKIE|K|62|1
2020-02|16|WOJ. OPOLSKIE|K|20|18
2020-02|16|WOJ. OPOLSKIE|K|35|3
2020-02|16|WOJ. OPOLSKIE|K|28|6
2020-02|16|WOJ. OPOLSKIE|K|42|1
2020-02|16|WOJ. OPOLSKIE|K|38|3
2020-02|16|WOJ. OPOLSKIE|K|34|2
2020-02|16|WOJ. OPOLSKIE|K|29|3
2020-02|16|WOJ. OPOLSKIE|K|49|1
2020-02|16|WOJ. OPOLSKIE|K|47|2
2020-02|16|WOJ. OPOLSKIE|K|25|9
2020-02|16|WOJ. OPOLSKIE|K|48|2
2020-02|16|WOJ. OPOLSKIE|K|21|11
2020-02|16|WOJ. OPOLSKIE|K|52|2
2020-02|16|WOJ. OPOLSKIE|M|22|6
2020-02|16|WOJ. OPOLSKIE|M|36|1
2020-02|16|WOJ. OPOLSKIE|M|38|1
2020-02|16|WOJ. OPOLSKIE|M|29|5
2020-02|16|WOJ. OPOLSKIE|M|21|12
2020-02|16|WOJ. OPOLSKIE|M|18|42
2020-02|16|WOJ. OPOLSKIE|M|25|8
2020-02|16|WOJ. OPOLSKIE|M|47|1
2020-02|16|WOJ. OPOLSKIE|M|24|6
2020-02|16|WOJ. OPOLSKIE|M|42|1
2020-02|16|WOJ. OPOLSKIE|M|31|4
2020-02|16|WOJ. OPOLSKIE|M|55|1
2020-02|16|WOJ. OPOLSKIE|M|34|5
2020-02|16|WOJ. OPOLSKIE|M|33|3
2020-02|16|WOJ. OPOLSKIE|M|35|1
2020-02|16|WOJ. OPOLSKIE|M|17|2
2020-02|16|WOJ. OPOLSKIE|M|28|3
2020-02|16|WOJ. OPOLSKIE|M|32|2
2020-02|16|WOJ. OPOLSKIE|M|20|20
2020-02|16|WOJ. OPOLSKIE|M|30|1
2020-02|16|WOJ. OPOLSKIE|M|39|3
2020-02|16|WOJ. OPOLSKIE|M|19|131
2020-02|16|WOJ. OPOLSKIE|M|27|8
2020-02|16|WOJ. OPOLSKIE|M|41|3
2020-02|16|WOJ. OPOLSKIE|M|40|3
2020-02|16|WOJ. OPOLSKIE|M|46|1
2020-02|16|WOJ. OPOLSKIE|M|49|1
2020-02|16|WOJ. OPOLSKIE|M|16|1
2020-02|16|WOJ. OPOLSKIE|M|26|10
2020-02|16|WOJ. OPOLSKIE|M|23|5
2020-02|16|WOJ. OPOLSKIE|M|37|2
2020-02|16|WOJ. OPOLSKIE|M|62|1
2020-02|18|WOJ. PODKARPACKIE|K|25|10
2020-02|18|WOJ. PODKARPACKIE|K|43|4
2020-02|18|WOJ. PODKARPACKIE|K|49|3
2020-02|18|WOJ. PODKARPACKIE|K|62|1
2020-02|18|WOJ. PODKARPACKIE|K|19|217
2020-02|18|WOJ. PODKARPACKIE|K|31|13
2020-02|18|WOJ. PODKARPACKIE|K|57|1
2020-02|18|WOJ. PODKARPACKIE|K|51|3
2020-02|18|WOJ. PODKARPACKIE|K|42|3
2020-02|18|WOJ. PODKARPACKIE|K|35|9
2020-02|18|WOJ. PODKARPACKIE|K|33|12
2020-02|18|WOJ. PODKARPACKIE|K|27|11
2020-02|18|WOJ. PODKARPACKIE|K|50|5
2020-02|18|WOJ. PODKARPACKIE|K|59|1
2020-02|18|WOJ. PODKARPACKIE|K|18|216
2020-02|18|WOJ. PODKARPACKIE|K|30|9
2020-02|18|WOJ. PODKARPACKIE|K|23|14
2020-02|18|WOJ. PODKARPACKIE|K|24|15
2020-02|18|WOJ. PODKARPACKIE|K|20|32
2020-02|18|WOJ. PODKARPACKIE|K|48|3
2020-02|18|WOJ. PODKARPACKIE|K|55|1
2020-02|18|WOJ. PODKARPACKIE|K|36|8
2020-02|18|WOJ. PODKARPACKIE|K|52|1
2020-02|18|WOJ. PODKARPACKIE|K|63|1
2020-02|18|WOJ. PODKARPACKIE|K|58|1
2020-02|18|WOJ. PODKARPACKIE|K|56|1
2020-02|18|WOJ. PODKARPACKIE|K|53|1
2020-02|18|WOJ. PODKARPACKIE|K|38|3
2020-02|18|WOJ. PODKARPACKIE|K|34|10
2020-02|18|WOJ. PODKARPACKIE|K|41|5
2020-02|18|WOJ. PODKARPACKIE|K|40|6
2020-02|18|WOJ. PODKARPACKIE|K|54|3
2020-02|18|WOJ. PODKARPACKIE|K|39|9
2020-02|18|WOJ. PODKARPACKIE|K|29|13
2020-02|18|WOJ. PODKARPACKIE|K|28|17
2020-02|18|WOJ. PODKARPACKIE|K|44|3
2020-02|18|WOJ. PODKARPACKIE|K|47|2
2020-02|18|WOJ. PODKARPACKIE|K|37|2
2020-02|18|WOJ. PODKARPACKIE|K|21|25
2020-02|18|WOJ. PODKARPACKIE|K|46|4
2020-02|18|WOJ. PODKARPACKIE|K|22|20
2020-02|18|WOJ. PODKARPACKIE|K|45|7
2020-02|18|WOJ. PODKARPACKIE|K|32|9
2020-02|18|WOJ. PODKARPACKIE|K|26|9
2020-02|18|WOJ. PODKARPACKIE|M|21|27
2020-02|18|WOJ. PODKARPACKIE|M|20|37
2020-02|18|WOJ. PODKARPACKIE|M|32|5
2020-02|18|WOJ. PODKARPACKIE|M|23|5
2020-02|18|WOJ. PODKARPACKIE|M|47|1
2020-02|18|WOJ. PODKARPACKIE|M|22|22
2020-02|18|WOJ. PODKARPACKIE|M|34|6
2020-02|18|WOJ. PODKARPACKIE|M|16|4
2020-02|18|WOJ. PODKARPACKIE|M|63|1
2020-02|18|WOJ. PODKARPACKIE|M|44|4
2020-02|18|WOJ. PODKARPACKIE|M|49|1
2020-02|18|WOJ. PODKARPACKIE|M|35|3
2020-02|18|WOJ. PODKARPACKIE|M|46|2
2020-02|18|WOJ. PODKARPACKIE|M|48|2
2020-02|18|WOJ. PODKARPACKIE|M|45|2
2020-02|18|WOJ. PODKARPACKIE|M|38|1
2020-02|18|WOJ. PODKARPACKIE|M|30|5
2020-02|18|WOJ. PODKARPACKIE|M|52|2
2020-02|18|WOJ. PODKARPACKIE|M|54|1
2020-02|18|WOJ. PODKARPACKIE|M|25|16
2020-02|18|WOJ. PODKARPACKIE|M|39|3
2020-02|18|WOJ. PODKARPACKIE|M|17|5
2020-02|18|WOJ. PODKARPACKIE|M|37|4
2020-02|18|WOJ. PODKARPACKIE|M|24|15
2020-02|18|WOJ. PODKARPACKIE|M|42|3
2020-02|18|WOJ. PODKARPACKIE|M|41|3
2020-02|18|WOJ. PODKARPACKIE|M|50|2
2020-02|18|WOJ. PODKARPACKIE|M|28|11
2020-02|18|WOJ. PODKARPACKIE|M|27|6
2020-02|18|WOJ. PODKARPACKIE|M|67|1
2020-02|18|WOJ. PODKARPACKIE|M|19|266
2020-02|18|WOJ. PODKARPACKIE|M|29|8
2020-02|18|WOJ. PODKARPACKIE|M|26|16
2020-02|18|WOJ. PODKARPACKIE|M|33|4
2020-02|18|WOJ. PODKARPACKIE|M|36|6
2020-02|18|WOJ. PODKARPACKIE|M|18|275
2020-02|18|WOJ. PODKARPACKIE|M|31|9
2020-02|20|WOJ. PODLASKIE|K|49|1
2020-02|20|WOJ. PODLASKIE|K|28|7
2020-02|20|WOJ. PODLASKIE|K|46|2
2020-02|20|WOJ. PODLASKIE|K|36|6
2020-02|20|WOJ. PODLASKIE|K|38|6
2020-02|20|WOJ. PODLASKIE|K|18|98
2020-02|20|WOJ. PODLASKIE|K|22|9
2020-02|20|WOJ. PODLASKIE|K|26|8
2020-02|20|WOJ. PODLASKIE|K|55|1
2020-02|20|WOJ. PODLASKIE|K|37|5
2020-02|20|WOJ. PODLASKIE|K|51|2
2020-02|20|WOJ. PODLASKIE|K|54|1
2020-02|20|WOJ. PODLASKIE|K|21|7
2020-02|20|WOJ. PODLASKIE|K|25|9
2020-02|20|WOJ. PODLASKIE|K|27|7
2020-02|20|WOJ. PODLASKIE|K|48|2
2020-02|20|WOJ. PODLASKIE|K|35|6
2020-02|20|WOJ. PODLASKIE|K|56|1
2020-02|20|WOJ. PODLASKIE|K|39|7
2020-02|20|WOJ. PODLASKIE|K|45|2
2020-02|20|WOJ. PODLASKIE|K|30|7
2020-02|20|WOJ. PODLASKIE|K|44|2
2020-02|20|WOJ. PODLASKIE|K|43|1
2020-02|20|WOJ. PODLASKIE|K|17|1
2020-02|20|WOJ. PODLASKIE|K|20|30
2020-02|20|WOJ. PODLASKIE|K|19|134
2020-02|20|WOJ. PODLASKIE|K|57|1
2020-02|20|WOJ. PODLASKIE|K|41|4
2020-02|20|WOJ. PODLASKIE|K|34|4
2020-02|20|WOJ. PODLASKIE|K|29|8
2020-02|20|WOJ. PODLASKIE|K|40|4
2020-02|20|WOJ. PODLASKIE|K|33|4
2020-02|20|WOJ. PODLASKIE|K|32|4
2020-02|20|WOJ. PODLASKIE|K|23|13
2020-02|20|WOJ. PODLASKIE|K|24|7
2020-02|20|WOJ. PODLASKIE|K|31|7
2020-02|20|WOJ. PODLASKIE|K|50|2
2020-02|20|WOJ. PODLASKIE|M|33|6
2020-02|20|WOJ. PODLASKIE|M|16|2
2020-02|20|WOJ. PODLASKIE|M|32|4
2020-02|20|WOJ. PODLASKIE|M|48|1
2020-02|20|WOJ. PODLASKIE|M|18|110
2020-02|20|WOJ. PODLASKIE|M|27|7
2020-02|20|WOJ. PODLASKIE|M|39|1
2020-02|20|WOJ. PODLASKIE|M|46|1
2020-02|20|WOJ. PODLASKIE|M|28|7
2020-02|20|WOJ. PODLASKIE|M|34|6
2020-02|20|WOJ. PODLASKIE|M|20|19
2020-02|20|WOJ. PODLASKIE|M|64|1
2020-02|20|WOJ. PODLASKIE|M|19|165
2020-02|20|WOJ. PODLASKIE|M|67|1
2020-02|20|WOJ. PODLASKIE|M|21|13
2020-02|20|WOJ. PODLASKIE|M|49|1
2020-02|20|WOJ. PODLASKIE|M|17|6
2020-02|20|WOJ. PODLASKIE|M|50|1
2020-02|20|WOJ. PODLASKIE|M|24|5
2020-02|20|WOJ. PODLASKIE|M|23|10
2020-02|20|WOJ. PODLASKIE|M|35|2
2020-02|20|WOJ. PODLASKIE|M|22|8
2020-02|20|WOJ. PODLASKIE|M|37|3
2020-02|20|WOJ. PODLASKIE|M|42|3
2020-02|20|WOJ. PODLASKIE|M|52|1
2020-02|20|WOJ. PODLASKIE|M|36|3
2020-02|20|WOJ. PODLASKIE|M|31|5
2020-02|20|WOJ. PODLASKIE|M|40|3
2020-02|20|WOJ. PODLASKIE|M|25|10
2020-02|20|WOJ. PODLASKIE|M|29|4
2020-02|20|WOJ. PODLASKIE|M|26|8
2020-02|20|WOJ. PODLASKIE|M|47|2
2020-02|20|WOJ. PODLASKIE|M|30|7
2020-02|22|WOJ. POMORSKIE|K|53|1
2020-02|22|WOJ. POMORSKIE|K|48|3
2020-02|22|WOJ. POMORSKIE|K|39|7
2020-02|22|WOJ. POMORSKIE|K|34|13
2020-02|22|WOJ. POMORSKIE|K|50|4
2020-02|22|WOJ. POMORSKIE|K|17|3
2020-02|22|WOJ. POMORSKIE|K|40|5
2020-02|22|WOJ. POMORSKIE|K|38|6
2020-02|22|WOJ. POMORSKIE|K|26|16
2020-02|22|WOJ. POMORSKIE|K|68|1
2020-02|22|WOJ. POMORSKIE|K|57|1
2020-02|22|WOJ. POMORSKIE|K|35|8
2020-02|22|WOJ. POMORSKIE|K|24|27
2020-02|22|WOJ. POMORSKIE|K|30|21
2020-02|22|WOJ. POMORSKIE|K|49|5
2020-02|22|WOJ. POMORSKIE|K|41|5
2020-02|22|WOJ. POMORSKIE|K|43|1
2020-02|22|WOJ. POMORSKIE|K|36|8
2020-02|22|WOJ. POMORSKIE|K|66|1
2020-02|22|WOJ. POMORSKIE|K|27|23
2020-02|22|WOJ. POMORSKIE|K|45|2
2020-02|22|WOJ. POMORSKIE|K|42|9
2020-02|22|WOJ. POMORSKIE|K|44|3
2020-02|22|WOJ. POMORSKIE|K|21|24
2020-02|22|WOJ. POMORSKIE|K|18|85
2020-02|22|WOJ. POMORSKIE|K|23|24
2020-02|22|WOJ. POMORSKIE|K|33|12
2020-02|22|WOJ. POMORSKIE|K|37|11
2020-02|22|WOJ. POMORSKIE|K|65|1
2020-02|22|WOJ. POMORSKIE|K|61|1
2020-02|22|WOJ. POMORSKIE|K|19|266
2020-02|22|WOJ. POMORSKIE|K|46|4
2020-02|22|WOJ. POMORSKIE|K|47|1
2020-02|22|WOJ. POMORSKIE|K|60|1
2020-02|22|WOJ. POMORSKIE|K|54|2
2020-02|22|WOJ. POMORSKIE|K|20|48
2020-02|22|WOJ. POMORSKIE|K|29|16
2020-02|22|WOJ. POMORSKIE|K|25|22
2020-02|22|WOJ. POMORSKIE|K|31|13
2020-02|22|WOJ. POMORSKIE|K|52|1
2020-02|22|WOJ. POMORSKIE|K|32|13
2020-02|22|WOJ. POMORSKIE|K|70|1
2020-02|22|WOJ. POMORSKIE|K|28|23
2020-02|22|WOJ. POMORSKIE|K|22|24
2020-02|22|WOJ. POMORSKIE|K|51|3
2020-02|22|WOJ. POMORSKIE|M|18|145
2020-02|22|WOJ. POMORSKIE|M|34|7
2020-02|22|WOJ. POMORSKIE|M|24|16
2020-02|22|WOJ. POMORSKIE|M|39|3
2020-02|22|WOJ. POMORSKIE|M|50|1
2020-02|22|WOJ. POMORSKIE|M|36|2
2020-02|22|WOJ. POMORSKIE|M|26|20
2020-02|22|WOJ. POMORSKIE|M|49|2
2020-02|22|WOJ. POMORSKIE|M|25|15
2020-02|22|WOJ. POMORSKIE|M|23|12
2020-02|22|WOJ. POMORSKIE|M|46|4
2020-02|22|WOJ. POMORSKIE|M|44|3
2020-02|22|WOJ. POMORSKIE|M|28|17
2020-02|22|WOJ. POMORSKIE|M|41|3
2020-02|22|WOJ. POMORSKIE|M|42|2
2020-02|22|WOJ. POMORSKIE|M|43|1
2020-02|22|WOJ. POMORSKIE|M|21|22
2020-02|22|WOJ. POMORSKIE|M|30|13
2020-02|22|WOJ. POMORSKIE|M|19|305
2020-02|22|WOJ. POMORSKIE|M|17|5
2020-02|22|WOJ. POMORSKIE|M|35|3
2020-02|22|WOJ. POMORSKIE|M|32|8
2020-02|22|WOJ. POMORSKIE|M|38|6
2020-02|22|WOJ. POMORSKIE|M|52|3
2020-02|22|WOJ. POMORSKIE|M|47|1
2020-02|22|WOJ. POMORSKIE|M|60|1
2020-02|22|WOJ. POMORSKIE|M|45|1
2020-02|22|WOJ. POMORSKIE|M|29|16
2020-02|22|WOJ. POMORSKIE|M|53|2
2020-02|22|WOJ. POMORSKIE|M|20|80
2020-02|22|WOJ. POMORSKIE|M|31|10
2020-02|22|WOJ. POMORSKIE|M|22|26
2020-02|22|WOJ. POMORSKIE|M|27|15
2020-02|22|WOJ. POMORSKIE|M|37|4
2020-02|22|WOJ. POMORSKIE|M|33|12
2020-02|24|WOJ. ŒL¥SKIE|K|47|11
2020-02|24|WOJ. ŒL¥SKIE|K|55|5
2020-02|24|WOJ. ŒL¥SKIE|K|56|5
2020-02|24|WOJ. ŒL¥SKIE|K|41|11
2020-02|24|WOJ. ŒL¥SKIE|K|45|4
2020-02|24|WOJ. ŒL¥SKIE|K|32|34
2020-02|24|WOJ. ŒL¥SKIE|K|54|2
2020-02|24|WOJ. ŒL¥SKIE|K|33|18
2020-02|24|WOJ. ŒL¥SKIE|K|39|15
2020-02|24|WOJ. ŒL¥SKIE|K|37|21
2020-02|24|WOJ. ŒL¥SKIE|K|43|5
2020-02|24|WOJ. ŒL¥SKIE|K|57|1
2020-02|24|WOJ. ŒL¥SKIE|K|28|40
2020-02|24|WOJ. ŒL¥SKIE|K|22|45
2020-02|24|WOJ. ŒL¥SKIE|K|23|29
2020-02|24|WOJ. ŒL¥SKIE|K|29|34
2020-02|24|WOJ. ŒL¥SKIE|K|21|58
2020-02|24|WOJ. ŒL¥SKIE|K|51|3
2020-02|24|WOJ. ŒL¥SKIE|K|58|1
2020-02|24|WOJ. ŒL¥SKIE|K|53|2
2020-02|24|WOJ. ŒL¥SKIE|K|19|662
2020-02|24|WOJ. ŒL¥SKIE|K|18|130
2020-02|24|WOJ. ŒL¥SKIE|K|34|20
2020-02|24|WOJ. ŒL¥SKIE|K|60|1
2020-02|24|WOJ. ŒL¥SKIE|K|26|42
2020-02|24|WOJ. ŒL¥SKIE|K|25|38
2020-02|24|WOJ. ŒL¥SKIE|K|27|48
2020-02|24|WOJ. ŒL¥SKIE|K|24|49
2020-02|24|WOJ. ŒL¥SKIE|K|36|17
2020-02|24|WOJ. ŒL¥SKIE|K|40|9
2020-02|24|WOJ. ŒL¥SKIE|K|42|6
2020-02|24|WOJ. ŒL¥SKIE|K|52|2
2020-02|24|WOJ. ŒL¥SKIE|K|35|22
2020-02|24|WOJ. ŒL¥SKIE|K|44|10
2020-02|24|WOJ. ŒL¥SKIE|K|50|9
2020-02|24|WOJ. ŒL¥SKIE|K|46|3
2020-02|24|WOJ. ŒL¥SKIE|K|17|4
2020-02|24|WOJ. ŒL¥SKIE|K|38|15
2020-02|24|WOJ. ŒL¥SKIE|K|20|108
2020-02|24|WOJ. ŒL¥SKIE|K|30|28
2020-02|24|WOJ. ŒL¥SKIE|K|48|5
2020-02|24|WOJ. ŒL¥SKIE|K|31|34
2020-02|24|WOJ. ŒL¥SKIE|M|65|1
2020-02|24|WOJ. ŒL¥SKIE|M|23|25
2020-02|24|WOJ. ŒL¥SKIE|M|54|1
2020-02|24|WOJ. ŒL¥SKIE|M|24|36
2020-02|24|WOJ. ŒL¥SKIE|M|37|13
2020-02|24|WOJ. ŒL¥SKIE|M|42|4
2020-02|24|WOJ. ŒL¥SKIE|M|47|4
2020-02|24|WOJ. ŒL¥SKIE|M|38|9
2020-02|24|WOJ. ŒL¥SKIE|M|41|6
2020-02|24|WOJ. ŒL¥SKIE|M|26|26
2020-02|24|WOJ. ŒL¥SKIE|M|36|11
2020-02|24|WOJ. ŒL¥SKIE|M|40|8
2020-02|24|WOJ. ŒL¥SKIE|M|29|15
2020-02|24|WOJ. ŒL¥SKIE|M|35|17
2020-02|24|WOJ. ŒL¥SKIE|M|31|23
2020-02|24|WOJ. ŒL¥SKIE|M|28|23
2020-02|24|WOJ. ŒL¥SKIE|M|46|6
2020-02|24|WOJ. ŒL¥SKIE|M|39|5
2020-02|24|WOJ. ŒL¥SKIE|M|44|9
2020-02|24|WOJ. ŒL¥SKIE|M|66|1
2020-02|24|WOJ. ŒL¥SKIE|M|50|1
2020-02|24|WOJ. ŒL¥SKIE|M|58|1
2020-02|24|WOJ. ŒL¥SKIE|M|20|118
2020-02|24|WOJ. ŒL¥SKIE|M|53|1
2020-02|24|WOJ. ŒL¥SKIE|M|43|5
2020-02|24|WOJ. ŒL¥SKIE|M|62|4
2020-02|24|WOJ. ŒL¥SKIE|M|49|2
2020-02|24|WOJ. ŒL¥SKIE|M|21|60
2020-02|24|WOJ. ŒL¥SKIE|M|34|17
2020-02|24|WOJ. ŒL¥SKIE|M|51|3
2020-02|24|WOJ. ŒL¥SKIE|M|32|16
2020-02|24|WOJ. ŒL¥SKIE|M|57|1
2020-02|24|WOJ. ŒL¥SKIE|M|17|4
2020-02|24|WOJ. ŒL¥SKIE|M|63|1
2020-02|24|WOJ. ŒL¥SKIE|M|33|20
2020-02|24|WOJ. ŒL¥SKIE|M|30|19
2020-02|24|WOJ. ŒL¥SKIE|M|25|25
2020-02|24|WOJ. ŒL¥SKIE|M|48|1
2020-02|24|WOJ. ŒL¥SKIE|M|52|2
2020-02|24|WOJ. ŒL¥SKIE|M|19|669
2020-02|24|WOJ. ŒL¥SKIE|M|18|232
2020-02|24|WOJ. ŒL¥SKIE|M|22|31
2020-02|24|WOJ. ŒL¥SKIE|M|27|27
2020-02|24|WOJ. ŒL¥SKIE|M|56|1
2020-02|24|WOJ. ŒL¥SKIE|M|45|1
2020-02|26|WOJ. ŒWIÊTOKRZYSKIE|K|48|3
2020-02|26|WOJ. ŒWIÊTOKRZYSKIE|K|51|2
2020-02|26|WOJ. ŒWIÊTOKRZYSKIE|K|17|1
2020-02|26|WOJ. ŒWIÊTOKRZYSKIE|K|39|3
2020-02|26|WOJ. ŒWIÊTOKRZYSKIE|K|34|8
2020-02|26|WOJ. ŒWIÊTOKRZYSKIE|K|50|1
2020-02|26|WOJ. ŒWIÊTOKRZYSKIE|K|54|2
2020-02|26|WOJ. ŒWIÊTOKRZYSKIE|K|19|155
2020-02|26|WOJ. ŒWIÊTOKRZYSKIE|K|43|6
2020-02|26|WOJ. ŒWIÊTOKRZYSKIE|K|47|3
2020-02|26|WOJ. ŒWIÊTOKRZYSKIE|K|24|8
2020-02|26|WOJ. ŒWIÊTOKRZYSKIE|K|46|2
2020-02|26|WOJ. ŒWIÊTOKRZYSKIE|K|41|2
2020-02|26|WOJ. ŒWIÊTOKRZYSKIE|K|35|4
2020-02|26|WOJ. ŒWIÊTOKRZYSKIE|K|65|1
2020-02|26|WOJ. ŒWIÊTOKRZYSKIE|K|53|3
2020-02|26|WOJ. ŒWIÊTOKRZYSKIE|K|22|8
2020-02|26|WOJ. ŒWIÊTOKRZYSKIE|K|23|6
2020-02|26|WOJ. ŒWIÊTOKRZYSKIE|K|52|4
2020-02|26|WOJ. ŒWIÊTOKRZYSKIE|K|33|4
2020-02|26|WOJ. ŒWIÊTOKRZYSKIE|K|40|4
2020-02|26|WOJ. ŒWIÊTOKRZYSKIE|K|49|2
2020-02|26|WOJ. ŒWIÊTOKRZYSKIE|K|20|21
2020-02|26|WOJ. ŒWIÊTOKRZYSKIE|K|18|70
2020-02|26|WOJ. ŒWIÊTOKRZYSKIE|K|32|10
2020-02|26|WOJ. ŒWIÊTOKRZYSKIE|K|28|7
2020-02|26|WOJ. ŒWIÊTOKRZYSKIE|K|38|3
2020-02|26|WOJ. ŒWIÊTOKRZYSKIE|K|57|1
2020-02|26|WOJ. ŒWIÊTOKRZYSKIE|K|55|2
2020-02|26|WOJ. ŒWIÊTOKRZYSKIE|K|27|10
2020-02|26|WOJ. ŒWIÊTOKRZYSKIE|K|29|12
2020-02|26|WOJ. ŒWIÊTOKRZYSKIE|K|45|2
2020-02|26|WOJ. ŒWIÊTOKRZYSKIE|K|36|10
2020-02|26|WOJ. ŒWIÊTOKRZYSKIE|K|31|7
2020-02|26|WOJ. ŒWIÊTOKRZYSKIE|K|37|3
2020-02|26|WOJ. ŒWIÊTOKRZYSKIE|K|21|8
2020-02|26|WOJ. ŒWIÊTOKRZYSKIE|K|26|11
2020-02|26|WOJ. ŒWIÊTOKRZYSKIE|K|44|4
2020-02|26|WOJ. ŒWIÊTOKRZYSKIE|K|30|7
2020-02|26|WOJ. ŒWIÊTOKRZYSKIE|K|42|6
2020-02|26|WOJ. ŒWIÊTOKRZYSKIE|K|25|14
2020-02|26|WOJ. ŒWIÊTOKRZYSKIE|K|61|1
2020-02|26|WOJ. ŒWIÊTOKRZYSKIE|M|31|5
2020-02|26|WOJ. ŒWIÊTOKRZYSKIE|M|35|3
2020-02|26|WOJ. ŒWIÊTOKRZYSKIE|M|26|5
2020-02|26|WOJ. ŒWIÊTOKRZYSKIE|M|16|1
2020-02|26|WOJ. ŒWIÊTOKRZYSKIE|M|51|2
2020-02|26|WOJ. ŒWIÊTOKRZYSKIE|M|21|11
2020-02|26|WOJ. ŒWIÊTOKRZYSKIE|M|33|6
2020-02|26|WOJ. ŒWIÊTOKRZYSKIE|M|48|1
2020-02|26|WOJ. ŒWIÊTOKRZYSKIE|M|22|8
2020-02|26|WOJ. ŒWIÊTOKRZYSKIE|M|39|2
2020-02|26|WOJ. ŒWIÊTOKRZYSKIE|M|32|6
2020-02|26|WOJ. ŒWIÊTOKRZYSKIE|M|43|3
2020-02|26|WOJ. ŒWIÊTOKRZYSKIE|M|55|2
2020-02|26|WOJ. ŒWIÊTOKRZYSKIE|M|37|3
2020-02|26|WOJ. ŒWIÊTOKRZYSKIE|M|34|2
2020-02|26|WOJ. ŒWIÊTOKRZYSKIE|M|27|5
2020-02|26|WOJ. ŒWIÊTOKRZYSKIE|M|36|8
2020-02|26|WOJ. ŒWIÊTOKRZYSKIE|M|29|6
2020-02|26|WOJ. ŒWIÊTOKRZYSKIE|M|18|124
2020-02|26|WOJ. ŒWIÊTOKRZYSKIE|M|45|3
2020-02|26|WOJ. ŒWIÊTOKRZYSKIE|M|19|173
2020-02|26|WOJ. ŒWIÊTOKRZYSKIE|M|20|26
2020-02|26|WOJ. ŒWIÊTOKRZYSKIE|M|25|6
2020-02|26|WOJ. ŒWIÊTOKRZYSKIE|M|23|10
2020-02|26|WOJ. ŒWIÊTOKRZYSKIE|M|46|1
2020-02|26|WOJ. ŒWIÊTOKRZYSKIE|M|28|5
2020-02|26|WOJ. ŒWIÊTOKRZYSKIE|M|41|3
2020-02|26|WOJ. ŒWIÊTOKRZYSKIE|M|44|2
2020-02|26|WOJ. ŒWIÊTOKRZYSKIE|M|40|4
2020-02|26|WOJ. ŒWIÊTOKRZYSKIE|M|42|1
2020-02|26|WOJ. ŒWIÊTOKRZYSKIE|M|24|6
2020-02|26|WOJ. ŒWIÊTOKRZYSKIE|M|30|4
2020-02|26|WOJ. ŒWIÊTOKRZYSKIE|M|17|5
2020-02|28|WOJ. WARMIÑSKO-MAZURSKIE|K|39|5
2020-02|28|WOJ. WARMIÑSKO-MAZURSKIE|K|19|160
2020-02|28|WOJ. WARMIÑSKO-MAZURSKIE|K|24|18
2020-02|28|WOJ. WARMIÑSKO-MAZURSKIE|K|30|9
2020-02|28|WOJ. WARMIÑSKO-MAZURSKIE|K|21|13
2020-02|28|WOJ. WARMIÑSKO-MAZURSKIE|K|60|1
2020-02|28|WOJ. WARMIÑSKO-MAZURSKIE|K|42|2
2020-02|28|WOJ. WARMIÑSKO-MAZURSKIE|K|61|1
2020-02|28|WOJ. WARMIÑSKO-MAZURSKIE|K|72|1
2020-02|28|WOJ. WARMIÑSKO-MAZURSKIE|K|54|4
2020-02|28|WOJ. WARMIÑSKO-MAZURSKIE|K|55|1
2020-02|28|WOJ. WARMIÑSKO-MAZURSKIE|K|37|5
2020-02|28|WOJ. WARMIÑSKO-MAZURSKIE|K|29|6
2020-02|28|WOJ. WARMIÑSKO-MAZURSKIE|K|50|2
2020-02|28|WOJ. WARMIÑSKO-MAZURSKIE|K|48|1
2020-02|28|WOJ. WARMIÑSKO-MAZURSKIE|K|20|30
2020-02|28|WOJ. WARMIÑSKO-MAZURSKIE|K|33|6
2020-02|28|WOJ. WARMIÑSKO-MAZURSKIE|K|25|16
2020-02|28|WOJ. WARMIÑSKO-MAZURSKIE|K|47|5
2020-02|28|WOJ. WARMIÑSKO-MAZURSKIE|K|53|3
2020-02|28|WOJ. WARMIÑSKO-MAZURSKIE|K|18|110
2020-02|28|WOJ. WARMIÑSKO-MAZURSKIE|K|35|9
2020-02|28|WOJ. WARMIÑSKO-MAZURSKIE|K|40|8
2020-02|28|WOJ. WARMIÑSKO-MAZURSKIE|K|31|15
2020-02|28|WOJ. WARMIÑSKO-MAZURSKIE|K|41|5
2020-02|28|WOJ. WARMIÑSKO-MAZURSKIE|K|45|2
2020-02|28|WOJ. WARMIÑSKO-MAZURSKIE|K|49|5
2020-02|28|WOJ. WARMIÑSKO-MAZURSKIE|K|27|12
2020-02|28|WOJ. WARMIÑSKO-MAZURSKIE|K|17|1
2020-02|28|WOJ. WARMIÑSKO-MAZURSKIE|K|51|1
2020-02|28|WOJ. WARMIÑSKO-MAZURSKIE|K|52|1
2020-02|28|WOJ. WARMIÑSKO-MAZURSKIE|K|38|6
2020-02|28|WOJ. WARMIÑSKO-MAZURSKIE|K|44|2
2020-02|28|WOJ. WARMIÑSKO-MAZURSKIE|K|56|1
2020-02|28|WOJ. WARMIÑSKO-MAZURSKIE|K|22|12
2020-02|28|WOJ. WARMIÑSKO-MAZURSKIE|K|36|10
2020-02|28|WOJ. WARMIÑSKO-MAZURSKIE|K|26|6
2020-02|28|WOJ. WARMIÑSKO-MAZURSKIE|K|23|8
2020-02|28|WOJ. WARMIÑSKO-MAZURSKIE|K|46|2
2020-02|28|WOJ. WARMIÑSKO-MAZURSKIE|K|28|11
2020-02|28|WOJ. WARMIÑSKO-MAZURSKIE|K|32|14
2020-02|28|WOJ. WARMIÑSKO-MAZURSKIE|K|34|7
2020-02|28|WOJ. WARMIÑSKO-MAZURSKIE|K|43|4
2020-02|28|WOJ. WARMIÑSKO-MAZURSKIE|M|21|19
2020-02|28|WOJ. WARMIÑSKO-MAZURSKIE|M|30|9
2020-02|28|WOJ. WARMIÑSKO-MAZURSKIE|M|44|5
2020-02|28|WOJ. WARMIÑSKO-MAZURSKIE|M|42|4
2020-02|28|WOJ. WARMIÑSKO-MAZURSKIE|M|65|1
2020-02|28|WOJ. WARMIÑSKO-MAZURSKIE|M|16|2
2020-02|28|WOJ. WARMIÑSKO-MAZURSKIE|M|22|7
2020-02|28|WOJ. WARMIÑSKO-MAZURSKIE|M|33|8
2020-02|28|WOJ. WARMIÑSKO-MAZURSKIE|M|18|116
2020-02|28|WOJ. WARMIÑSKO-MAZURSKIE|M|17|3
2020-02|28|WOJ. WARMIÑSKO-MAZURSKIE|M|27|5
2020-02|28|WOJ. WARMIÑSKO-MAZURSKIE|M|47|1
2020-02|28|WOJ. WARMIÑSKO-MAZURSKIE|M|49|2
2020-02|28|WOJ. WARMIÑSKO-MAZURSKIE|M|26|8
2020-02|28|WOJ. WARMIÑSKO-MAZURSKIE|M|36|5
2020-02|28|WOJ. WARMIÑSKO-MAZURSKIE|M|20|29
2020-02|28|WOJ. WARMIÑSKO-MAZURSKIE|M|32|8
2020-02|28|WOJ. WARMIÑSKO-MAZURSKIE|M|28|9
2020-02|28|WOJ. WARMIÑSKO-MAZURSKIE|M|29|10
2020-02|28|WOJ. WARMIÑSKO-MAZURSKIE|M|48|1
2020-02|28|WOJ. WARMIÑSKO-MAZURSKIE|M|35|8
2020-02|28|WOJ. WARMIÑSKO-MAZURSKIE|M|43|2
2020-02|28|WOJ. WARMIÑSKO-MAZURSKIE|M|19|196
2020-02|28|WOJ. WARMIÑSKO-MAZURSKIE|M|37|9
2020-02|28|WOJ. WARMIÑSKO-MAZURSKIE|M|40|2
2020-02|28|WOJ. WARMIÑSKO-MAZURSKIE|M|31|3
2020-02|28|WOJ. WARMIÑSKO-MAZURSKIE|M|34|3
2020-02|28|WOJ. WARMIÑSKO-MAZURSKIE|M|25|7
2020-02|28|WOJ. WARMIÑSKO-MAZURSKIE|M|23|12
2020-02|28|WOJ. WARMIÑSKO-MAZURSKIE|M|39|4
2020-02|28|WOJ. WARMIÑSKO-MAZURSKIE|M|38|5
2020-02|28|WOJ. WARMIÑSKO-MAZURSKIE|M|45|1
2020-02|28|WOJ. WARMIÑSKO-MAZURSKIE|M|41|1
2020-02|28|WOJ. WARMIÑSKO-MAZURSKIE|M|24|9
2020-02|28|WOJ. WARMIÑSKO-MAZURSKIE|M|52|1
2020-02|30|WOJ. WIELKOPOLSKIE|K|32|15
2020-02|30|WOJ. WIELKOPOLSKIE|K|28|22
2020-02|30|WOJ. WIELKOPOLSKIE|K|50|3
2020-02|30|WOJ. WIELKOPOLSKIE|K|16|1
2020-02|30|WOJ. WIELKOPOLSKIE|K|20|78
2020-02|30|WOJ. WIELKOPOLSKIE|K|23|26
2020-02|30|WOJ. WIELKOPOLSKIE|K|30|23
2020-02|30|WOJ. WIELKOPOLSKIE|K|45|3
2020-02|30|WOJ. WIELKOPOLSKIE|K|56|1
2020-02|30|WOJ. WIELKOPOLSKIE|K|33|9
2020-02|30|WOJ. WIELKOPOLSKIE|K|54|4
2020-02|30|WOJ. WIELKOPOLSKIE|K|46|5
2020-02|30|WOJ. WIELKOPOLSKIE|K|26|36
2020-02|30|WOJ. WIELKOPOLSKIE|K|37|17
2020-02|30|WOJ. WIELKOPOLSKIE|K|58|1
2020-02|30|WOJ. WIELKOPOLSKIE|K|18|250
2020-02|30|WOJ. WIELKOPOLSKIE|K|24|28
2020-02|30|WOJ. WIELKOPOLSKIE|K|38|15
2020-02|30|WOJ. WIELKOPOLSKIE|K|31|8
2020-02|30|WOJ. WIELKOPOLSKIE|K|36|16
2020-02|30|WOJ. WIELKOPOLSKIE|K|34|13
2020-02|30|WOJ. WIELKOPOLSKIE|K|57|1
2020-02|30|WOJ. WIELKOPOLSKIE|K|60|1
2020-02|30|WOJ. WIELKOPOLSKIE|K|59|1
2020-02|30|WOJ. WIELKOPOLSKIE|K|19|451
2020-02|30|WOJ. WIELKOPOLSKIE|K|25|40
2020-02|30|WOJ. WIELKOPOLSKIE|K|22|39
2020-02|30|WOJ. WIELKOPOLSKIE|K|42|5
2020-02|30|WOJ. WIELKOPOLSKIE|K|39|10
2020-02|30|WOJ. WIELKOPOLSKIE|K|51|3
2020-02|30|WOJ. WIELKOPOLSKIE|K|47|4
2020-02|30|WOJ. WIELKOPOLSKIE|K|29|22
2020-02|30|WOJ. WIELKOPOLSKIE|K|35|11
2020-02|30|WOJ. WIELKOPOLSKIE|K|52|7
2020-02|30|WOJ. WIELKOPOLSKIE|K|44|3
2020-02|30|WOJ. WIELKOPOLSKIE|K|55|5
2020-02|30|WOJ. WIELKOPOLSKIE|K|62|2
2020-02|30|WOJ. WIELKOPOLSKIE|K|17|1
2020-02|30|WOJ. WIELKOPOLSKIE|K|49|1
2020-02|30|WOJ. WIELKOPOLSKIE|K|40|9
2020-02|30|WOJ. WIELKOPOLSKIE|K|21|38
2020-02|30|WOJ. WIELKOPOLSKIE|K|43|7
2020-02|30|WOJ. WIELKOPOLSKIE|K|48|5
2020-02|30|WOJ. WIELKOPOLSKIE|K|27|32
2020-02|30|WOJ. WIELKOPOLSKIE|K|41|7
2020-02|30|WOJ. WIELKOPOLSKIE|K|69|1
2020-02|30|WOJ. WIELKOPOLSKIE|M|45|6
2020-02|30|WOJ. WIELKOPOLSKIE|M|33|12
2020-02|30|WOJ. WIELKOPOLSKIE|M|57|1
2020-02|30|WOJ. WIELKOPOLSKIE|M|56|1
2020-02|30|WOJ. WIELKOPOLSKIE|M|26|17
2020-02|30|WOJ. WIELKOPOLSKIE|M|16|13
2020-02|30|WOJ. WIELKOPOLSKIE|M|41|7
2020-02|30|WOJ. WIELKOPOLSKIE|M|38|6
2020-02|30|WOJ. WIELKOPOLSKIE|M|46|1
2020-02|30|WOJ. WIELKOPOLSKIE|M|19|514
2020-02|30|WOJ. WIELKOPOLSKIE|M|27|19
2020-02|30|WOJ. WIELKOPOLSKIE|M|18|285
2020-02|30|WOJ. WIELKOPOLSKIE|M|34|14
2020-02|30|WOJ. WIELKOPOLSKIE|M|35|8
2020-02|30|WOJ. WIELKOPOLSKIE|M|17|13
2020-02|30|WOJ. WIELKOPOLSKIE|M|36|6
2020-02|30|WOJ. WIELKOPOLSKIE|M|44|1
2020-02|30|WOJ. WIELKOPOLSKIE|M|20|82
2020-02|30|WOJ. WIELKOPOLSKIE|M|42|4
2020-02|30|WOJ. WIELKOPOLSKIE|M|37|5
2020-02|30|WOJ. WIELKOPOLSKIE|M|66|1
2020-02|30|WOJ. WIELKOPOLSKIE|M|55|1
2020-02|30|WOJ. WIELKOPOLSKIE|M|31|5
2020-02|30|WOJ. WIELKOPOLSKIE|M|23|24
2020-02|30|WOJ. WIELKOPOLSKIE|M|25|18
2020-02|30|WOJ. WIELKOPOLSKIE|M|30|13
2020-02|30|WOJ. WIELKOPOLSKIE|M|47|1
2020-02|30|WOJ. WIELKOPOLSKIE|M|22|28
2020-02|30|WOJ. WIELKOPOLSKIE|M|40|5
2020-02|30|WOJ. WIELKOPOLSKIE|M|29|18
2020-02|30|WOJ. WIELKOPOLSKIE|M|28|13
2020-02|30|WOJ. WIELKOPOLSKIE|M|54|1
2020-02|30|WOJ. WIELKOPOLSKIE|M|43|4
2020-02|30|WOJ. WIELKOPOLSKIE|M|32|7
2020-02|30|WOJ. WIELKOPOLSKIE|M|21|47
2020-02|30|WOJ. WIELKOPOLSKIE|M|24|26
2020-02|30|WOJ. WIELKOPOLSKIE|M|51|1
2020-02|30|WOJ. WIELKOPOLSKIE|M|39|3
2020-02|32|WOJ. ZACHODNIOPOMORSKIE|K|30|13
2020-02|32|WOJ. ZACHODNIOPOMORSKIE|K|49|3
2020-02|32|WOJ. ZACHODNIOPOMORSKIE|K|54|2
2020-02|32|WOJ. ZACHODNIOPOMORSKIE|K|52|2
2020-02|32|WOJ. ZACHODNIOPOMORSKIE|K|19|173
2020-02|32|WOJ. ZACHODNIOPOMORSKIE|K|25|15
2020-02|32|WOJ. ZACHODNIOPOMORSKIE|K|35|12
2020-02|32|WOJ. ZACHODNIOPOMORSKIE|K|53|2
2020-02|32|WOJ. ZACHODNIOPOMORSKIE|K|28|10
2020-02|32|WOJ. ZACHODNIOPOMORSKIE|K|37|5
2020-02|32|WOJ. ZACHODNIOPOMORSKIE|K|45|4
2020-02|32|WOJ. ZACHODNIOPOMORSKIE|K|69|1
2020-02|32|WOJ. ZACHODNIOPOMORSKIE|K|62|1
2020-02|32|WOJ. ZACHODNIOPOMORSKIE|K|48|1
2020-02|32|WOJ. ZACHODNIOPOMORSKIE|K|47|3
2020-02|32|WOJ. ZACHODNIOPOMORSKIE|K|29|13
2020-02|32|WOJ. ZACHODNIOPOMORSKIE|K|60|1
2020-02|32|WOJ. ZACHODNIOPOMORSKIE|K|21|24
2020-02|32|WOJ. ZACHODNIOPOMORSKIE|K|44|3
2020-02|32|WOJ. ZACHODNIOPOMORSKIE|K|32|5
2020-02|32|WOJ. ZACHODNIOPOMORSKIE|K|51|2
2020-02|32|WOJ. ZACHODNIOPOMORSKIE|K|43|6
2020-02|32|WOJ. ZACHODNIOPOMORSKIE|K|18|30
2020-02|32|WOJ. ZACHODNIOPOMORSKIE|K|20|45
2020-02|32|WOJ. ZACHODNIOPOMORSKIE|K|41|4
2020-02|32|WOJ. ZACHODNIOPOMORSKIE|K|24|19
2020-02|32|WOJ. ZACHODNIOPOMORSKIE|K|23|21
2020-02|32|WOJ. ZACHODNIOPOMORSKIE|K|58|2
2020-02|32|WOJ. ZACHODNIOPOMORSKIE|K|57|1
2020-02|32|WOJ. ZACHODNIOPOMORSKIE|K|36|10
2020-02|32|WOJ. ZACHODNIOPOMORSKIE|K|39|5
2020-02|32|WOJ. ZACHODNIOPOMORSKIE|K|26|16
2020-02|32|WOJ. ZACHODNIOPOMORSKIE|K|40|6
2020-02|32|WOJ. ZACHODNIOPOMORSKIE|K|42|4
2020-02|32|WOJ. ZACHODNIOPOMORSKIE|K|31|9
2020-02|32|WOJ. ZACHODNIOPOMORSKIE|K|33|6
2020-02|32|WOJ. ZACHODNIOPOMORSKIE|K|38|6
2020-02|32|WOJ. ZACHODNIOPOMORSKIE|K|34|8
2020-02|32|WOJ. ZACHODNIOPOMORSKIE|K|22|17
2020-02|32|WOJ. ZACHODNIOPOMORSKIE|K|50|1
2020-02|32|WOJ. ZACHODNIOPOMORSKIE|K|27|22
2020-02|32|WOJ. ZACHODNIOPOMORSKIE|M|55|2
2020-02|32|WOJ. ZACHODNIOPOMORSKIE|M|36|10
2020-02|32|WOJ. ZACHODNIOPOMORSKIE|M|31|9
2020-02|32|WOJ. ZACHODNIOPOMORSKIE|M|51|1
2020-02|32|WOJ. ZACHODNIOPOMORSKIE|M|18|66
2020-02|32|WOJ. ZACHODNIOPOMORSKIE|M|26|15
2020-02|32|WOJ. ZACHODNIOPOMORSKIE|M|34|4
2020-02|32|WOJ. ZACHODNIOPOMORSKIE|M|33|11
2020-02|32|WOJ. ZACHODNIOPOMORSKIE|M|56|1
2020-02|32|WOJ. ZACHODNIOPOMORSKIE|M|20|54
2020-02|32|WOJ. ZACHODNIOPOMORSKIE|M|24|15
2020-02|32|WOJ. ZACHODNIOPOMORSKIE|M|28|12
2020-02|32|WOJ. ZACHODNIOPOMORSKIE|M|32|14
2020-02|32|WOJ. ZACHODNIOPOMORSKIE|M|39|4
2020-02|32|WOJ. ZACHODNIOPOMORSKIE|M|30|6
2020-02|32|WOJ. ZACHODNIOPOMORSKIE|M|41|5
2020-02|32|WOJ. ZACHODNIOPOMORSKIE|M|29|7
2020-02|32|WOJ. ZACHODNIOPOMORSKIE|M|49|1
2020-02|32|WOJ. ZACHODNIOPOMORSKIE|M|48|3
2020-02|32|WOJ. ZACHODNIOPOMORSKIE|M|43|3
2020-02|32|WOJ. ZACHODNIOPOMORSKIE|M|52|3
2020-02|32|WOJ. ZACHODNIOPOMORSKIE|M|27|10
2020-02|32|WOJ. ZACHODNIOPOMORSKIE|M|44|2
2020-02|32|WOJ. ZACHODNIOPOMORSKIE|M|54|1
2020-02|32|WOJ. ZACHODNIOPOMORSKIE|M|35|6
2020-02|32|WOJ. ZACHODNIOPOMORSKIE|M|21|27
2020-02|32|WOJ. ZACHODNIOPOMORSKIE|M|40|1
2020-02|32|WOJ. ZACHODNIOPOMORSKIE|M|19|222
2020-02|32|WOJ. ZACHODNIOPOMORSKIE|M|37|11
2020-02|32|WOJ. ZACHODNIOPOMORSKIE|M|22|17
2020-02|32|WOJ. ZACHODNIOPOMORSKIE|M|23|17
2020-02|32|WOJ. ZACHODNIOPOMORSKIE|M|45|2
2020-02|32|WOJ. ZACHODNIOPOMORSKIE|M|42|3
2020-02|32|WOJ. ZACHODNIOPOMORSKIE|M|38|2
2020-02|32|WOJ. ZACHODNIOPOMORSKIE|M|25|11
